Order;clade;family;SPECIES (Smyth);SPECIES (Pegas);SPECIES (Andres);Image_files_names;Specimen number;Ontogenetic stages;DSV ;measured hind limbs (cm);mass estimate (kg3);Wing length  (cm);Wingspan  (cm);Humerus ;Ulna;Pteroid;Mc IV;Wg ph 1;Wg ph 2;Wg ph 3;Wg ph 4;Femur ;Tibia;Mt III;Propatagium     (EWM)       (one wing section);Brachiopatagium (EWM)                           (one wing section);Cruropatagium (EWM)                           (one wing section);Propatagium  % (EWM);Brachiopatagium % (EWM);Cruropatagium % (EWM);W.B A.R 1 (EWM)                              (one wing section);W.B A.R 2 (EWM)                              (one wing section);A.R 1 (EWM)                              (one wing section);A.R 2 (EWM)                              (one wing section);Inner wing area (EWM)             (one wing section) (cm2);Outer wing area(EWM)             (one wing section) (cm2);Inner wing % (EWM)             (one wing section);Outer wing %(EWM)             (one wing section);Total wing area (EWM)             (one wing section);Wing area  (cm2 (EWM));WAR (wingspan(EWM));AR_2/AR_1;Wing loading (EWM);Last Appearance;First Appearance;Midpoint;Stage name;Period Name;Flight category;Environment;Depositional settings/paleoenvironment;Diet 1;Diet 2
Non Pterodactyliform;Basal pterosaur;Basal forms;Preondactylus buffarinii;Preondactylus buffarinii;Preondactylus buffarinii;Out_Preondactylus_buffarinii.jpg;MFSN 1770;Mature;13.38;7.65;0.030;21.42;42.8;3.2;4.2;2.6;1.4;3.6;3.9;3.9;2.8;3.3;4.4;1.6;9;124;16;6;83;11;12.0;10.3;1.8;2.1;67.2;81.4;45.2;54.7;148.7;297.4;6.2;0.86;10.19;212.000000;215.560000;213.78;middle Norian (Alaunian);Late Triassic;Aerial hawking;Coastal environment;Coastal/Shallow marine;Insectivore;Piscivore
Non Pterodactyliform;Basal pterosaur;Basal forms;Austriadactylus cristatus;Austriadactylus cristatus;Austriadactylus cristatus;Out_Austriadactylus_cristatus.jpg;SMNS 56342;Mature;13.7;14.000;0.457;59.40;118.8;7.1;9.7;2.7;7.2;10.1;10.1;10.4;8.2;5.8;8.0;3.5;39.2;719.5;54.4;5;88;7;24.3;21.0;2.4;2.8;327.5;485.6;40.3;59.7;813.1;1626.2;8.7;0.86;28.09;205.600000;212.000000;208.8;upper Norian (Sevatian);Late Triassic;Flap-glidding;Coastal environment;Coastal/Shallow marine;Insectivore;Piscivore
Non Pterodactyliform;Basal pterosaur;Dimorphodontidae;Dimorphodon macronyx ;Dimorphodon macronyx ;Dimorphodon macronyx ;Out_Dimorphodon_macronyx .jpg;NHMUK 41212 ;Mature;16.3;22.000;0.625;66.83;133.7;9.3;12.5;3.6;4.2;10.2;11.3;12.7;10.1;8.7;13.3;3.8;78.3;1148.7;149.8;6;83;11;34.3;28.9;1.9;2.3;633.3;743.5;46.0;54.0;1376.8;2753.7;6.5;0.84;22.70;199.500000;201.400000;200.45;Hettangian;Early Jurassic;Aerial hawking;Forested wetland environment;Fluviodeltaic;Carnivore;Piscivore
Non Pterodactyliform;Basal pterosaur;Dimorphodontidae;Peteinosaurus zambelli;Peteinosaurus zambelli;Peteinosaurus zambelli;Out_Peteinosaurus_zambelli.jpg;MCSNB 3359;Mature;6.6;8.500;0.048;25.46;50.9;3.9;4.9;1.5;1.7;3.9;4.4;4.8;3.6;3.7;4.8;1.7;10.6;167.1;17.8;5;85;9;13.3;11.2;1.9;2.3;91.1;104.4;46.6;53.4;195.5;391.0;6.6;0.84;12.27;212.000000;215.560000;213.78;middle Norian (Alaunian);Late Triassic;Burst-flapping;Coastal environment;Coastal/Shallow marine;Insectivore;Piscivore
Non Pterodactyliform;Basal pterosaur;Dimorphodontidae;Caelestiventus hanseni;Caelestiventus hanseni;Caelestiventus hanseni;Out_Caelestiventus_hanseni.jpg;BYU 20707;Mature;28.7;31.320;1.886;101.23;202.5;14.0;18.9;6.7;6.8;16.7;17.6;20.1;12.2;12.7;18.7;10.1;150.6;2704.0;248.5;5;87;8;53.6;45.4;1.9;2.2;1407.3;1695.8;45.4;54.6;3103.1;6206.2;6.6;0.85;30.39;190.000000;220.000000;205;Rhaetian;Late Triassic;Flap-glidding;Semi-arid floodplain;playa;Carnivore;Piscivore
Non Pterodactyliform;Basal pterosaur;Dimorphodontidae;Rhamphinion jenkinsi;Rhamphinion jenkinsi;Rhamphinion jenkinsi;Out_Rhamphinion_jenkinsi.jpg; MNA.V.4500;Mature;17.0;20.400;0.536;63.10;126.2;9.0;12.0;3.9;4.2;10.2;11.0;12.4;8.6;8.3;12.1;5.2;60.5;1029.8;104.9;5;86;9;32.7;27.5;1.9;2.3;555.2;640.0;46.5;53.5;1195.2;2390.4;6.7;0.84;22.44;183.000000;196.500000;189.8;Pliensbachian;Early Jurassic;Aerial hawking;Semi-arid floodplain;playa;Carnivore;Insectivore
Non Pterodactyliform;Anurognathidae;Anurognathidae;Anurognathus ammoni;Anurognathus ammoni;Anurognathus ammoni;Out_Anurognathus_ammoni.jpg;BSP 1922;Mature;4.7;6.600;0.026;20.31;40.6;3.2;4.6;0.6;1.1;5.8;4.1;3.0;;2.7;3.9;1.8;8.3;103.0;11.6;7;84;9;10.5;8.4;1.9;2.4;62.4;60.6;50.7;49.3;123.0;245.925;6.7;0.80;10.69;147.100000;149.200000;148.15;lower Tithonian;Late Jurassic;Aerial hawking;Archipelago;Coastal/Shallow marine;Insectivore;Piscivore
Non Pterodactyliform;Anurognathidae;Anurognathidae;Vesperopterylus lamadongensis;Vesperopterylus lamadongensis;Vesperopterylus lamadongensis;Out_Vesperopterylus_lamadongensis.jpg;BMNHC-PH-001311;Mature;11.5;12.000;0.210;44.35;88.7;6.5;8.6;1.3;3;10.8;8.9;6.8;2.5;4.7;7.3;5.2;31.2;457.0;38.8;6;87;7;20.6;17.3;2.1;2.6;245.7;281.3;46.6;53.4;527.0;1053.940;7.5;0.84;19.93;118.900000;122.000000;120.45;latest Barremian–early Aptian ;Early Cretaceous;Aerial hawking;Forested wetland environment;Lacustrine: large lake;Insectivore;Piscivore
Non Pterodactyliform;Anurognathidae;Anurognathidae;Batrachognathus volans;Batrachognathus volans;Batrachognathus volans;Out_Batrachognathus_volans.jpg;PIN 52-2;Mature;6.6;6.300;0.033;22.23;44.5;3.8;5.0;0.8;1.8;5.4;3.9;2.8;2.3;2.9;3.4;1.8;9.8;97.9;8.3;8;84;7;8.8;7.1;2.5;3.1;60.9;55.1;52.5;47.5;116.0;232.011;8.5;0.81;14.41;154.800000;161.500000;158.15;Oxfordian ;Late Jurassic;Aerial hawking;Forested wetland environment;Lacustrine: small lake;Insectivore;Carnivore
Non Pterodactyliform;Anurognathidae;Anurognathidae;Cascocauda rong;Cascocauda rong;Cascocauda rong;Out_Cascocauda_rong.jpg;NJU-57003;Mature;5.1;5.400;0.024;19.61;39.2;2.9;5;0.6;0.8;5.2;4.5;2.1;0.5;2.4;3;2.2;7.9;91.4;8.7;7;85;8;7.7;6.0;2.5;3.3;58.2;49.8;53.9;46.1;108.0;216.018;7.1;0.77;11.09;154.800000;161.500000;158.15;Oxfordian ;Late Jurassic;Aerial hawking;Forested wetland environment;Lacustrine: small lake;Insectivore;Carnivore
Non Pterodactyliform;Anurognathidae;Anurognathidae;Dendrorhynchoides curvidentatus;Dendrorhynchoides curvidentatus;Dendrorhynchoides curvidentatus;Out_Dendrorhynchoides_curvidentatus.jpg;GMV2128;Mature;6.3;6.300;0.043;24.44;48.9;3.5;4.8;1.8;1.1;6.3;4.9;3.7;1.5;2.8;3.5;2.4;9.3;137.7;12.0;6;87;8;11.2;9.4;2.2;2.6;75.3;83.7;47.4;52.6;159.1;318.115;7.5;0.83;13.53;154.800000;161.500000;158.15;Oxfordian ;Late Jurassic;Aerial hawking;Forested wetland environment;Lacustrine: small lake;Insectivore;Carnivore
Non Pterodactyliform;Anurognathidae;Anurognathidae;Jeholopterus ningchengensis;Jeholopterus ningchengensis;Jeholopterus ningchengensis;Out_Jeholopterus_ningchengensis.jpg; IVPP V 12705;Mature;8.2;9.000;0.153;39.39;78.8;6.2;8.9;1.068;1.9;9.3;8.2;6;1.6;4;5;2.2;30;275;23;9;84;7;14.6;11.6;2.7;3.4;165.9;161;50.7;49.3;327.2;654.412;9.5;0.80;23.41;154.800000;161.500000;158.15;Oxfordian ;Late Jurassic;Aerial hawking;Forested wetland environment;Lacustrine: small lake;Insectivore;Piscivore
Non Pterodactyliform;Anurognathidae;Anurognathidae;Luopterus mutoudengensis;Luopterus mutoudengensis;Luopterus mutoudengensis;Out_Luopterus_mutoudengensis.jpg;JZMP-04-07-3;Mature;3.5;4.800;0.021;18.67;37.3;2.7;4.2;0.504;1.1;5;4.1;2.5;0.5;2.1;2.7;1.2;6;65;6;8;84;8;7.4;5.9;2.5;3.2;37.9;40;49.0;51.0;77.4;154.854;9.0;0.80;13.58;154.800000;161.500000;158.15;Oxfordian ;Late Jurassic;Aerial hawking;Forested wetland environment;Lacustrine: small lake;Insectivore;Carnivore
Non Pterodactyliform;Anurognathidae;Anurognathidae;Sinomacrops bondei;Sinomacrops bondei;Sinomacrops bondei;Out_Sinomacrops_bondei.jpg;JPM-2012-001;Mature;4.38;3.990;0.013;15.76;31.5;2.38;3.55;0.426;0.67;3.98;3.6;1.81;0.83;1.36;2.63;1.05;5;58;4;7;86;6;7.3;6.0;2.1;2.6;34.0;33;50.8;49.2;67.0;133.910;7.4;0.81;10.00;154.800000;161.500000;158.15;Oxfordian ;Late Jurassic;Aerial hawking;Forested wetland environment;Lacustrine: small lake;Insectivore;Carnivore
Non Pterodactyliform;Anurognathidae;Anurognathidae;Dimorphodon weintraubi;Dimorphodon weintraubi;Dimorphodon weintraubi;Out_Dimorphodon_weintraubi.jpg;IGM 3494 ;Mature;22.6;23.680;0.852;75.08;150.2;12.4;14.5;2.4;4.7;12.8;12.5;11.7;10.7;10;13.7;8.6;103.0;1522.0;140.4;6;86;8;40.2;33.6;1.9;2.2;875.0;890.4;49.6;50.4;1765.4;3530.731;6.4;0.84;24.13;184.200000;192.900000;188.55;Pliensbachian;Early Jurassic;Aerial hawking;Forested wetland environment;Lacustrine: large lake;Insectivore;Piscivore
Non Pterodactyliform;Non-breviquartossan;Novialoidea;Campylognathoides liasicus;Campylognathoides liasicus;Campylognathoides liasicus;Out_Campylognathoides_liasicus.jpg;CM 11424  Pittsb.;Mature;11.5;8.500;0.228;45.8;91.5;5;6;1.3;2.3;9.3;9.6;8.5;7;3.8;4.7;2.2;18;412;19;4;92;4;17.5;15.9;2.6;2.9;149.4;299;33.3;66.7;448.5;897.098;9.3;0.91;25.43;181.100000;183.000000;182.05;lower Toarcian;Early Jurassic;Flap-glidding;Coastal environment;Coastal/Shallow marine;Piscivore;Durophageous
Non Pterodactyliform;Non-breviquartossan;Novialoidea;Campylognathoides zitteli;Campylognathoides zitteli;Campylognathoides zitteli;Out_Campylognathoides_zitteli.jpg;SMNS 51100;Mature;18.8;16.100;1.029;80.6;161.2;7.4;8.9;2;3.6;17.6;19.6;15.2;10.4;7.2;8.9;6.1;39.6;1288.2;73.3;3;92;5;31.6;29.0;2.6;2.8;456.0;945.2;32.5;67.5;1401.1;2802.288;9.3;0.92;36.72;181.100000;183.000000;182.05;lower Toarcian;Early Jurassic;Flap-glidding;Coastal environment;Coastal/Shallow marine;Piscivore;Durophageous
Non Pterodactyliform;Non-breviquartossan;Eudimorphodontoidea;Eudimorphodon ranzii;Eudimorphodon ranzii;Eudimorphodon ranzii;Out_Eudimorphodon_ranzii.jpg;MCSNB 8950;Mature;4.2;4.510;0.023;19.3;38.7;2.6;3.4;0.9;9.3;3.3;3.5;3.6;3.2;2;2.6;0.9;5;74;6;6;87;7;7.7;6.7;2.5;2.9;35.6;49;42.1;57.9;84.6;169.140;8.9;0.86;13.66;205.600000;215.560000;210.58;middle Norian (Alaunian)-upper Norian (Sevatian);Late Triassic;Burst-flapping;Coastal environment;Fluviodeltaic;Carnivore;Durophageous
Non Pterodactyliform;Non-breviquartossan;Novialoidea;Carniadactylus rosenfeldi;Carniadactylus rosenfeldi;Carniadactylus rosenfeldi;Out_Carniadactylus_rosenfeldi.jpg;SMNS 51100;Mature;4.5;4.400;0.027;20.5;41.0;2.6;3.5;1.2;9.8;3.9;3.3;3.6;3.5;1.9;2.5;1.2;5;80;5;3;92;5;7.8;6.8;2.6;3.0;38.8;52.0;42.7;57.3;90.8;181.598;9.3;0.86;14.85;181.100000;183.000000;182.05;middle Norian (Alaunian);Late Triassic;Burst-flapping;Coastal environment;Coastal/Shallow marine;Carnivore;Durophageous
Non Pterodactyliform;Non-breviquartossan;Eudimorphodontoidea;Carniadactylus rosenfeldi;Carniadactylus rosenfeldi;Bergamodactylus wildi;Out_Bergamodactylus_wildi.jpg;MSFN 1797;Mature;7.1;8.500;0.068;29.0;58.0;2.7;3.6;1.6;1.1;6.4;5.8;6.3;4.3;3.8;4.7;1.8;5.7;203.4;19.1;2;89;8;14.2;12.9;2.0;2.2;72.6;155.6;31.8;68.2;228.2;456.400;7.4;0.91;14.86;212.000000;215.560000;213.78;middle Norian (Alaunian);Late Triassic;Burst-flapping;Coastal environment;Coastal/Shallow marine;Carnivore;Durophageous
Non Pterodactyliform;Non-breviquartossan;Eudimorphodontoidea;Austriadraco dallavecchiai;Austriadraco dallavecchiai;Austriadraco dallavecchiai;Out_Austriadraco_dallavecchiai.jpg;BSP 1994 I 51;Mature;8.3;9.200;0.115;35.4;70.8;4;5.7;1.5;4.5;5.3;6.1;6.6;5.0;3.4;5.8;2.1;12.7;276.8;19.4;4;90;6;15.6;13.5;2.3;2.6;121.9;187.0;39.5;60.5;308.9;617.800;8.1;0.87;18.66;205.600000;212.000000;208.8;Norian;Late Triassic;Flap-glidding;Coastal environment;Coastal/Shallow marine;Carnivore;Durophageous
Non Pterodactyliform;Non-breviquartossan;Eudimorphodontoidea;Raeticodactylus filisurensis;Raeticodactylus filisurensis;Raeticodactylus filisurensis;Out_Raeticodactylus_filisurensis.jpg;BNM 14524;Mature;11;13.400;0.414;57.3;114.5;7.9;10.2;2.8;4.8;10.5;8.7;11.2;7.9;5.2;8.3;3.7;44.9;721.8;46.7;6;89;6;24.8;21.3;2.3;2.7;355.9;457.5;43.8;56.2;813.4;1626.815;8.1;0.86;25.46;201.400000;212.000000;206.7;upper Norian (Sevatian)-Rhaetian;Late Triassic;Flap-glidding;Coastal environment;Coastal/Shallow marine;Piscivore;Durophageous
Non Pterodactyliform;Non-breviquartossan;Eudimorphodontoidea;Seazzadactylus venieri;Seazzadactylus venieri;Seazzadactylus venieri;Out_Seazzadactylus_venieri.jpg;MFSN 21545;Mature;7.7;7.600;0.110;34.8;69.6;4.4;5.5;1.2;2.7;6.1;6.4;7.2;4.7;3.2;4.4;1.9;13.6;235.0;15.2;5;89;6;13.3;11.7;2.6;3.0;103.1;160.7;39.1;60.9;263.8;527.540;9.2;0.88;20.88;212.000000;215.560000;213.78;middle Norian (Alaunian);Late Triassic;Flap-glidding;Coastal environment;Coastal/Shallow marine;Insectivore;Piscivore
Non Pterodactyliform;Non-breviquartossan;Eudimorphodontoidea;Arcticodactylus cromptonellus;Arcticodactylus cromptonellus;Arcticodactylus cromptonellus;Out_Arcticodactylus_cromptonellus.jpg;MGUH VP 3393;Mature;3.2;3.700;0.007;12.4;24.8;1.8;2;0.6;0.8;2.4;2.1;2.5;1.9;1.9;1.8;0.8;1.9;37.9;4.3;4;86;10;6.1;5.4;2.0;2.3;17.3;26.8;39.2;60.8;44.1;88.200;7.0;0.89;8.03;201.000000;208.000000;204.5;Rhaetian;Late Triassic;Burst-flapping;Semi-arid floodplain;playa;Insectivore;Piscivore
Non Pterodactyliform;Non-breviquartossan;Eudimorphodontoidea;Eotephradactylus mcintirae;Eotephradactylus mcintirae;Eotephradactylus mcintirae;Out_Eotephradactylus_mcintirae.jpg;PEFO 52926;Mature;33.7;33.7;4.401;139.2;278.4;4.9;6.6;1.7;3.3;6.5;6.5;7.1;5.4;3.8;5.4;2.5;238.2;4128.5;286.3;5.12;88.73;6.15;59.3;50.7;2.347;2.746;1966.6;2686.4;42.27;57.73;4653.0;9306.00000;8.32867;0.85;47.3;201.000000;217.000000;204.5;Norian-Rhaetian;Late Triassic;Flap-glidding;Semi-arid floodplain;Alluvial plain;Carnivore;Durophageous
Non Pterodactyliform;Non-breviquartossan;Eudimorphodontoidea;Yelaphomte praderioi;Yelaphomte praderioi;Yelaphomte praderioi;Out_Yelaphomte_praderioi.jpg;PVSJ 914;Mature;8.4;8.5;0.109;34.6;69.2;4.5;6.1;1.6;3.0;5.9;6.0;6.5;4.9;3.5;5.0;2.3;15;258.3;19.7;5.12;88.16;7;14.9;12.7;2.3;2.7;123.6;169.4;42.2;57.8;293.0;586.00000;8.17174;0.85;18.52;201.000000;217.000000;204.5;Norian-Rhaetian;Late Triassic;Burst-flapping;Semi-arid floodplain;Alluvial plain;Insectivore;Durophageous
Non Pterodactyliform;Non-breviquartossan;Eudimorphodontoidea;Pachagnathus benitoi;Pachagnathus benitoi;Pachagnathus benitoi;Out_Pachagnathus_benitoi.jpg;PVSJ 1080;Mature;9.2;9.2;0.137;37.8;75.6;17.8;24.2;6.2;12.0;23.7;23.9;26.0;19.7;13.9;19.8;9.2;18;305.9;23.1;5.21;88.13;6.7;16.2;13.9;2.3;2.7;144.7;202.4;41.7;58.3;347.1;694.20000;8.23302;0.86;19.78;212.000000;215.560000;213.78;middle Norian (Alaunian);Late Triassic;Burst-flapping;Semi-arid floodplain;Alluvial plain;Carnivore;Durophageous
Non Pterodactyliform;Rhamphorhynchidae;Rhamphorhynchinae;Dorygnathus banthensis;Dorygnathus banthensis;Dorygnathus banthensis;Out_Dorygnathus_banthensis.jpg;MNHU 1920,16;Mature;18.1;16.900;0.597;65.67;131.3;8.0;13.3;2.0;3.8;9.9;12.1;12.1;9.7;6.5;9.1;3.7;62.0;975.1;58.4;6;89;5;30.1;24.6;2.2;2.7;508.1;587.4;46.4;53.6;1095.5;2190.934;7.9;0.82;27.23;181.100000;183.000000;182.05;lower Toarcian;Early Jurassic;Flap-glidding;Coastal environment;Coastal/Shallow marine;Piscivore;Insectivore
Non Pterodactyliform;Rhamphorhynchidae;Rhamphorhynchinae;Bellubrunnus rothgaengeri;Bellubrunnus rothgaengeri;Bellubrunnus rothgaengeri;Out_Bellubrunnus_rothgaengeri.jpg;BSP–1993–XVIII–2;Mature;1.8;1.1;0.001;6.8;13.6;0.7;1.1;0.3;0.4;1.3;1.2;1.1;1.2;0.5;0.6;0.6;0.5;9.3;0.5;5;90;5;2.7;2.3;2.6;2.9;3.9;6.4;37.5;62.5;10.3;20.611;9.0;0.88;6.98;150.100000;152.000000;151.05;late Kimmeridgian;Late Jurassic;Burst-flapping;Archipelago;Lagoonal deposit;Piscivore;Insectivore
Non Pterodactyliform;Rhamphorhynchidae;Rhamphorhynchinae;Qinglongopterus guoi;Qinglongopterus guoi;Qinglongopterus guoi;Out_Qinglongopterus_guoi.jpg;D3080/3081;Mature;4.2;2.800;0.015;16.5;33.0;1.7;3.4;0.7;0.8;3.2;3.5;3.4;1.2;1.5;1.3;1.1;4.7;51.0;2.8;8;87;5;6.4;5.3;2.6;3.1;25.4;33.1;43.4;56.6;58.5;116.915;9.3;0.83;12.92;156.800000;161.500000;159.15;Oxfordian ;Late Jurassic;Burst-flapping;Forested wetland environment;Small lacustrine deposit;Piscivore;Insectivore
Non Pterodactyliform;Rhamphorhynchidae;Rhamphorhynchinae;Orientognathus chaoyangensis;Orientognathus chaoyangensis;Orientognathus chaoyangensis;Out_Orientognathus_chaoyangensis.jpg;41HIII-0418;Mature;19.1;13.700;0.352;53.9;107.7;7.7;6.5;1.6;2.9;8.6;11.8;14.1;10.5;6.8;6.9;3.5;28.1;645.0;51.4;4;89;7;24.0;21.6;2.2;2.5;256.6;467.9;35.4;64.6;724.5;1448.964;8.0;0.90;24.31;154.100000;155.000000;154.55;Oxfordian ;Late Jurassic;Flap-glidding;Forested wetland environment;Lacustrine: small lake;Piscivore;Carnivore
Non Pterodactyliform;Rhamphorhynchidae;Rhamphorhynchinae;Dearc sgiathanach;Dearc sgiathanach;Dearc sgiathanach;Out_Dearc_sgiathanach.jpg;NMS G.2021.6.1-4;Mature;35;39.600;1.212;85.7;171.4;10.5;15.6;3.6;3.7;18.9;16.6;15.8;9.1;8.3;11.5;7.1;90.5;1391.0;112.9;6;87;7;32.9;27.9;2.6;3.1;674.0;920.4;42.3;57.7;1594.4;3188.841;9.2;0.85;38.01;164.700000;167.700000;166.2;Callovian;Middle Jurassic;Flap-soaring ;Coastal environment;Coastal/Shallow marine;Piscivore;Insectivore
Non Pterodactyliform;Rhamphorhynchidae;Rhamphorhynchinae;Rhamphorhynchus etchesi;Rhamphorhynchus etchesi;Rhamphorhynchus etchesi;Out_Rhamphorhynchus_etchesi.jpg; MJML K-1597;Mature;19.9;15.873;0.027;20.41;40.8;5.5;10.2;1.8;3.3;17;18.3;16.9;15.3;6.3;9.6;3.4;14.095;75.5;10.2;14.1;75.6;10.2;9.7;8.6;2.1;2.4;26.6;73.2;26.6;73.4;99.8;199.609;8.3;0.89;13.34;147.100000;152.000000;149.55;upper Kimmeridgian-lower Tithonian;Late Jurassic;Flap-glidding;Coastal environment;Coastal/Shallow marine;Piscivore;Insectivore
Non Pterodactyliform;Rhamphorhynchidae;Rhamphorhynchinae;Angustinaripterus longicephalus;Angustinaripterus longicephalus;Angustinaripterus longicephalus;Out_Angustinaripterus_longicephalus.jpg;ZDM T8001;Mature;18.8;22.4;1.268;87.2;174.4;8.8;14.3;3.6;4.3;16.2;17.1;16.1;13.2;7.8;10.9;6.3;74.7;1611.3;87.6;4.2;90.8;4.9;36.8;31.4;2.4;2.8;705.6;1068;39.8;60.2;1773.6;3547.2;8.6;0.85;35.8;165.3;168.2;166.75;Bathonian;Middle Jurassic;Flap-soaring ;Forested wetland environment;Lacustrine: small lake;Piscivore;Carnivore
Non Pterodactyliform;Rhamphorhynchidae;Rhamphorhynchinae;Klobiodon rochei;Klobiodon rochei;Klobiodon rochei;Out_Klobiodon_rochei.jpg;NHMUK PV OR 47991;Mature;16.8;20.1;0.921;77.3;154.6;8.1;12.8;3.2;3.9;14.4;15.3;14.3;11.8;7.0;9.8;5.7;61;1281.5;75.8;4.3;90.4;5.3;33.3;28.6;2.3;2.7;557.8;860.5;39.3;60.7;1418.3;2836.6;8.4;0.86;32.5;165.3;168.2;166.75;Bathonian;Middle Jurassic;Flap-glidding;Coastal environment;Coastal/Shallow marine;Piscivore;Insectivore
Non Pterodactyliform;Rhamphorhynchidae;Rhamphorhynchinae;Parapsicephalus purdoni;Parapsicephalus purdoni;Parapsicephalus purdoni;Out_Parapsicephalus_purdoni.jpg;NHMUK PV R36634;Mature;18.7;22.3;1.211;85.7;171.4;8.9;14.2;3.5;4.3;15.9;17.0;15.9;13.1;7.8;10.9;6.3;74.5;1588.6;98.5;4.2;90.2;5.6;37;31.8;2.3;2.7;685.8;1075.8;38.9;61.06948229;1761.6;3523.2;8.3;0.86;34.4;181.100000;183.000000;182.05;lower Toarcian;Early Jurassic;Flap-soaring ;Coastal environment;Coastal/Shallow marine;Piscivore;Insectivore
Non Pterodactyliform;Rhamphorhynchidae;Rhamphorhynchinae;Nesodactylus hesperius;Nesodactylus hesperius;Nesodactylus hesperius;Out_Nesodactylus_hesperius.jpg;AMNH 2000;Mature;15.8;16.9;0.743;71.3;142.6;4.5;8.6;2.8;2.9;15.3;15.0;13.5;12.9;6.0;8.2;4.8;24.3;1021.5;61.7;2.2;92.2;5.6;28.9;25.98;2.5;2.7;318.9;788.6;28.8;71.20541761;1107.5;2215.0;9.2;0.90;33.5;156;158;157;Upper Oxfordian ;Late Jurassic;Flap-soaring ;Archipelago;Lagoonal deposit;Piscivore;Insectivore
Non Pterodactyliform;Rhamphorhynchidae;Rhamphorhynchinae;Cacibupteryx caribensis;Cacibupteryx caribensis;Cacibupteryx caribensis;Out_Cacibupteryx_caribensis.jpg;IGO-V 208;Mature;16.8;26.3;2.048;104.4;208.8;10.6;16.2;4.1;5.0;20.1;21.1;19.8;16.0;9.3;12.8;7.4;99.3;2246.8;126.6;4.0;90.9;5.1;43.2;37.4;2.416666667;2.79144385;921.8;1550.9;37.3;62.72091236;2472.7;4945.4;8.8;0.87;41.4;156;158;157;Upper Oxfordian ;Late Jurassic;Flap-glidding;Archipelago;Lagoonal deposit;Piscivore;Insectivore
Non Pterodactyliform;Rhamphorhynchidae;Rhamphorhynchinae;Rhamphorhynchus muensteri;Rhamphorhynchus muensteri;Rhamphorhynchus muensteri;Out_Rhamphorhynchus_muensteri.jpg;NHMUK PV OR 37002;Mature;23.0;17.100;1.740;98.20;196.4;7.8;12.7;3.7;4.5;20.2;21.4;17.7;16.8;6.4;10.7;6.0;58.1;1795.9;73.2;3.0;93.2;3.8;36.3;32.5;2.7;3.0;609.0;1318.2;31.6;68.4;1927.2;3854.474;10.0;0.90;45.14;147.100000;152.000000;149.55;upper Kimmeridgian-lower Tithonian;Late Jurassic;Flap-soaring ;Archipelago;Lagoonal deposit;Piscivore;Insectivore
Non Pterodactyliform;Rhamphorhynchidae;Scaphognathinae;Sordes pilosus;Sordes pilosus;Sordes pilosus;Out_Sordes_pilosus.jpg;PIN 2585_35 ;Mature;9.2;9.400;0.278;49.29;98.59;4.0;6.1;1.6;1.8;5.5;6.1;5.8;5.5;3.9;5.5;1.8;31.0;603.9;50.6;4.5;88.1;7.4;24.9;21.0;2.0;2.4;299.1;386.4;43.6;56.4;685.5;1370.918;7.1;0.84;20.29;154.800000;161.500000;158.15;Oxfordian ;Late Jurassic;Aerial hawking;Forested wetland environment;Lacustrine: small lake;Insectivore;Durophageous
Non Pterodactyliform;Rhamphorhynchidae;Scaphognathinae;Jianchangnathus robustus;Jianchangnathus robustus;Jianchangnathus robustus;Out_Jianchangnathus_robustus.jpg;IVPP V16866;Mature;11.4;12.700;0.268;48.60;97.2;6.6;10.0;1.8;3.8;8.4;8.3;7.3;6.2;4.4;6.0;5.6;33.6;513.8;35.4;5.8;88.2;6.1;21.5;17.5;2.3;2.8;271.3;311.5;46.6;53.4;582.8;1165.600;8.1;0.81;22.98;158.500000;161.500000;160;Oxfordian ;Late Jurassic;Aerial hawking;Forested wetland environment;Lacustrine: small lake;Insectivore;Durophageous
Non Pterodactyliform;Rhamphorhynchidae;Scaphognathinae;Fenghuanopterus lii;Fenghuanopterus lii;Fenghuanopterus lii;Out_Fenghuanopterus_lii.jpg;BMNHC PH000988;Mature;15.2;15.300;0.415;57.30;114.60;7.4;12;1.9;3.1;8.7;10.6;10.6;8.3;6.7;8.6;2.5;51.00;762.83;63.10;5.82;86.99;7.20;27.30;22.30;2.10;2.57;412.53;464.40;47.04;52.96;876.9;1753.86;7.49;0.82;23.67;154.800000;161.500000;158.15;Oxfordian ;Late Jurassic;Aerial hawking;Forested wetland environment;Lacustrine: small lake;Insectivore;Durophageous
Non Pterodactyliform;Rhamphorhynchidae;Scaphognathinae;Scaphognathus crassirostris;Scaphognathus crassirostris;Scaphognathus crassirostris;Out_Scaphognathus_crassirostris.jpg;SIPB Goldfuß 1304;Mature;12.3;11.200;0.259;48.00;96.0;;;;;;;;;;;;31.4;495.4;35.9;5.6;88.0;6.4;21.4;17.3;2.2;2.8;261.4;301.4;46.4;53.6;562.8;1125.510;8.2;0.81;23.03;147.100000;149.200000;148.15;lower Tithonian;Late Jurassic;Flap-glidding;Archipelago;Lagoonal deposit;Carnivore;Durophageous
Non Pterodactyliform;Rhamphorhynchidae;Scaphognathinae;Harpactognathus gentryii;Harpactognathus gentryii;Harpactognathus gentryii;Out_Harpactognathus_gentryii.jpg;NAMAL 101;Mature;32.5;27.2;3.3;125.5;251.0;12.7;20.8;5.2;6.3;23.4;24.8;23.3;19.2;11.4;15.9;9.2;156.4;3345.8;182.7;4.2;90.8;5.0;53.7;45.6;2.3;2.8;1469.8;2215.1;39.9;60.1;3684.9;7369.8;8.5;0.85;45.3;149.2;152.0;150.6;Kimmeridgian;Late Jurassic;Flap-soaring ;Semi-arid floodplain;Playa;Carnivore;Durophageous
Non Pterodactyliform;Rhamphorhynchidae;Scaphognathinae;Sericipterus wucaiwanensis;Sericipterus wucaiwanensis;Sericipterus wucaiwanensis;Out_Sericipterus_wucaiwanensis.jpg;IVPP V14725;Mature;19.9;16.7;0.8;74.1;148.2;10.3;12.7;3.2;3.8;12.7;15.2;12.6;10.9;7.0;9.7;5.6;73.8;1186.0;72.2;5.5;89.0;5.4;31.4;26.9;2.4;2.8;590.5;741.5;44.3;55.7;1332.0;2664.0;8.2;0.86;30.9;154.8;161.5;158.2;Oxfordian ;Late Jurassic;Flap-soaring ;Forested wetland environment;Lacustrine: small lake;Carnivore;Durophageous
Non Pterodactyliform;Darwinoptera;Darwinoptera;Cuspicephalus scarfi;Cuspicephalus scarfi;Cuspicephalus scarfi;Out_Cuspicephalus_scarfi.jpg;MJML K1918;Mature;21.2;20.6;0.7;69.0;138.0;9.7;14.5;4.0;6.3;12.2;13.7;13.0;10.2;8.7;11.8;6.4;79.8;1250.5;104.6;5.6;87.1;7.3;36.7;29.8;1.9;2.3;704.5;730.4;49.1;50.9;1434.9;2869.800;6.6;0.81;23.71;153.0;155.7;154.4;Oxfordian ;Late Jurassic;Flap-glidding;Archipelago;Coastal/Shallow marine;Insectivore;Piscivore
Non Pterodactyliform;Darwinoptera;Darwinoptera;Darwinopterus modularis;Darwinopterus modularis;Darwinopterus modularis;Out_Darwinopterus_modularis.jpg;IVPP V16049;Mature;10.7;12.200;0.160;40.02;80.0;5.3;7.6;2.8;3.0;6.2;7.1;7.2;6.4;5.2;7.0;2.5;22.6;404.8;39.0;4.8;86.8;8.4;20.7;17.5;1.9;2.3;203.1;263.3;43.5;56.5;466.3;932.641;6.9;0.85;17.13;154.800000;161.500000;158.15;Oxfordian ;Late Jurassic;Aerial hawking;Forested wetland environment;Lacustrine: small lake;Insectivore;Carnivore
Non Pterodactyliform;Darwinoptera;Darwinoptera;Kunpengopterus sinensis;Kunpengopterus sinensis;Kunpengopterus sinensis;Out_Kunpengopterus_sinensis.jpg;IVPP V 17957;Mature;10.4;12.400;0.123;36.30;72.6;4.6;6.4;2.9;2.7;6.0;6.4;6.6;5.4;5.3;7.1;2.4;17.0;364.3;36.7;4.1;87.2;8.8;20.4;17.3;1.8;2.1;182.3;235.7;43.6;56.4;418.0;836.000;6.3;0.85;14.74;154.800000;161.500000;158.15;Oxfordian ;Late Jurassic;Burst-flapping;Forested wetland environment;Lacustrine: small lake;Insectivore;Carnivore
Non Pterodactyliform;Darwinoptera;Darwinoptera;Kunpengopterus antipollicatus;Kunpengopterus antipollicatus;Kunpengopterus antipollicatus;Out_Kunpengopterus_antipollicatus.jpg;IVPP V 18403/ZMNH M8802;Mature;11.4;12.800;0.019;18.04;36.1;5.4;7.5;1.9;2.7;5.4;6.4;6.0;3.9;5.5;7.3;1.5;5.9;92.1;9.2;5.5;86.0;8.6;10.4;8.4;1.7;2.1;53.7;53.4;50.2;49.8;107.1;214.288;6.1;0.81;8.95;154.800000;161.500000;158.15;Oxfordian ;Late Jurassic;Aerial hawking;Forested wetland environment;Lacustrine: small lake;Insectivore;Carnivore
Non Pterodactyliform;Darwinoptera;Darwinoptera;Ceoptera evansae;Ceoptera evansae;Ceoptera evansae;Out_Ceoptera_evansae.jpg;NHMUK PV R37110;Mature;14.6;11.100;0.407;56.86;113.7;6;7;2.1;5.7;10.3;11.3;10.2;8.2;4.5;6.6;4.6;25.4;668.2;35.3;3.5;91.7;4.8;23.0;20.9;2.5;2.7;245.8;483.1;33.7;66.3;729.0;1457.943;8.9;0.91;27.90;166.100000;168.300000;167.2;Bathonian;Middle Jurassic;Flap-glidding;Archipelago;Coastal/Shallow marine;Insectivore;Piscivore
Non Pterodactyliform;Darwinoptera;Darwinoptera;Pterorhynchus wellnhoferi;Pterorhynchus wellnhoferi;Pterorhynchus wellnhoferi;Out_Pterorhynchus_wellnhoferi.jpg;CAGS02-IG-gausa-2/M 608;Mature;10.9;9.200;0.145;38.55;77.1;5.3;9.2;1.5;3.3;5.3;6.9;6.2;4.4;4.5;4.7;3;27.4;335.7;25.3;7.1;86.4;6.5;17.8;14.0;2.2;2.8;202.7;185.8;52.2;47.8;388.4;776.892;7.7;0.78;18.62;154.800000;161.500000;158.15;Oxfordian ;Late Jurassic;Flap-glidding;Forested wetland environment;Lacustrine: small lake;Insectivore;Carnivore
Non Pterodactyliform;Darwinoptera;Darwinoptera;Archaeoistiodactylus linglongtaensis;Archaeoistiodactylus linglongtaensis;Archaeoistiodactylus linglongtaensis;Out_Archaeoistiodactylus_linglongtaensis.jpg;JPM04-0008;Mature;10.5;10.100;0.127;36.70;73.4;4.3;7.3;1.2;2.4;5.8;6.1;6.4;4.7;4.1;6;3.9;19.1;348.0;31.1;4.8;87.4;7.8;19.5;16.0;1.9;2.3;183.3;214.9;46.0;54.0;398.2;796.400;6.8;0.82;15.94;154.800000;161.500000;158.15;Oxfordian ;Late Jurassic;Aerial hawking;Forested wetland environment;Lacustrine: small lake;Insectivore;Carnivore
Non Pterodactyliform;Darwinoptera;Darwinoptera;Wukongopterus lii;Wukongopterus lii;Wukongopterus lii;Out_Wukongopterus_lii.jpg;IVPP V15113;Mature;9.5;8.800;0.095;32.97;65.9;4.6;7.3;1.7;3.0;6.0;6.5;6.4;5.6;3.8;6.3;4.7;15.1;270.0;20.4;5.0;88.4;6.7;16.6;13.8;2.0;2.4;135.5;170.0;44.4;55.6;305.5;611.003;7.1;0.83;15.61;157.800000;169.500000;163.65;Callovian;Middle Jurassic;Burst-flapping;Forested wetland environment;Lacustrine: small lake;Insectivore;Piscivore
Non Pterodactyliform;Darwinoptera;Darwinoptera;Jianchangopterus zhaoianus;Jianchangopterus zhaoianus;Jianchangopterus zhaoianus;Out_Jianchangopterus_zhaoianus.jpg;YHK-0931;Mature;14.7;10.375;0.250;47.38;94.8;6.6;10.0;1.8;3.8;8.4;8.3;7.3;6.2;4.4;6.0;5.6;37.8;547.6;36.9;6.1;88.0;5.9;23.4;19.2;2.0;2.5;294.0;328.2;47.3;52.7;622.2;1244.493;7.2;0.82;20.11;154.800000;161.500000;158.15;Oxfordian ;Late Jurassic;Flap-glidding;Forested wetland environment;Lacustrine: small lake;Insectivore;Carnivore
Pterodactyloidea;Ornithocheiromorpha;Ornithocheiridae;Zhenyuanopterus longirostris;Zhenyuanopterus longirostris;Zhenyuanopterus longirostris;Out_Zhenyuanopterus_longirostris.jpg;GLGMV 0001;Mature;27;41.000;6.706;163.08;326.2;21;26.2;10.3;23;36;27.5;21;19;21;20;2.6;297;4841;146;5.6;91.6;2.8;60.8;52.8;2.7;3.1;1888.7;3395;35.7;64.3;5284.1;10568.140;10.1;0.87;63.45;124.122000;125.755000;124.9385;early Barremian ;Early Cretaceous;High Soaring;Forested wetland environment;Lacustrine: large lake;Carnivore;Piscivore
Pterodactyloidea;Ornithocheiromorpha;Ornithocheiridae;Boreopterus cuiae;Boreopterus cuiae;Boreopterus cuiae;Out_Boreopterus_cuiae.jpg;JZMP-04-07-3;Mature;18.6;17.500;0.860;75.34;150.7;10.4;12;3.8;9.2;14.5;12.5;9.5;8;8.6;8.9;3.3;71.6;1211.2;35.7;5.4;91.9;2.7;31.6;27.6;2.4;2.7;525.7;792.8;39.9;60.1;1318.5;2637.020;8.6;0.88;32.61;124.122000;125.755000;124.9385;early Barremian ;Early Cretaceous;Flap-soaring ;Forested wetland environment;Lacustrine: large lake;Carnivore;Piscivore
Pterodactyloidea;Ornithocheiromorpha;Ornithocheiridae;Arthurdactylus conandoylei;Arthurdactylus conandoylei;Arthurdactylus conandoylei;Out_Arthurdactylus_conandoylei.jpg;SMK 1132 PAL;Mature;22;42.400;12.991;209.10;418.2;23;31.2;12;22.7;44.5;40.2;31.2;27.5;19;23.4;6;387;5652;170;6.2;91.0;2.7;56.6;49.4;3.7;4.2;2048.1;4161;33.0;67.0;6209.2;12418.376;14.1;0.87;104.61;113.000000;121.400000;117.2;Aptian;Early Cretaceous;High Soaring;Floodplain;Fluviodeltaic;Piscivore;Carnivore
Pterodactyloidea;Ornithocheiromorpha;Ornithocheiridae;Anhanguera santanae;Anhanguera santanae;Anhanguera santanae;Out_Anhanguera_santanae.jpg;AMNH 22555;Mature;26.3;36.000;6.290;159.20;318.4;17.4;23.8;9.8;18.9;36;33;24.7;17.3;15.2;20.8;11;226.5;4308.2;143.3;4.8;92.1;3.1;55.5;49.2;2.9;3.2;1451.6;3226.4;31.0;69.0;4678.0;9356.000;10.8;0.89;67.23;113.000000;121.400000;117.2;Aptian;Early Cretaceous;Medium soaring;Floodplain;Fluviodeltaic;Piscivore;Carnivore
Pterodactyloidea;Ornithocheiromorpha;Ornithocheiridae;Anhanguera spielbergi;Anhanguera spielbergi;Anhanguera spielbergi;Out_Anhanguera_spielbergi.jpg;RGM 401 880;Mature;40.4;64.000;21.499;252.70;505.4;16.9;28.3;11;22;44.2;43.1;32.3;19.5;15.1;24.5;11.3;664.0;10856.0;434.9;5.6;90.8;3.6;90.5;78.5;2.8;3.2;3978.7;7976.2;33.3;66.7;11954.9;23909.800;10.7;0.87;89.92;113.000000;121.400000;117.2;Aptian;Early Cretaceous;High Soaring;Floodplain;Fluviodeltaic;Piscivore;Carnivore
Pterodactyloidea;Ornithocheiromorpha;Ornithocheiridae;Anhanguera piscator;Anhanguera piscator;Anhanguera piscator;Out_Anhanguera_piscator.jpg;NSM-PV 19892;Mature;33.4;46.900;16.334;227.90;455.8;22.1;34.8;13.4;26.9;55.7;51.7;39.8;23.5;17.2;31.2;14.8;445.1;8375.5;293.4;4.9;91.9;3.2;77.4;67.4;2.9;3.4;2848.9;6265.1;31.3;68.7;9114.0;18228.000;11.4;0.87;89.61;113.000000;121.400000;117.2;Aptian;Early Cretaceous;High Soaring;Floodplain;Fluviodeltaic;Piscivore;Carnivore
Pterodactyloidea;Ornithocheiromorpha;Ornithocheiridae;Anhanghuera blittersordorfii;Anhanghuera blittersordorfii;Anhanghuera blittersordorfii;Out_Anhanghuera_blittersordorfii.jpg;N.40 Pz-DBAV-UERJ.;Mature;78.3;56.700;19.693;244.50;489.0;16.4;24.9;10.6;18.2;35.6;32.9;25.0;16.7;14.4;20.1;9.3;683.5;10060.0;336.5;6.2;90.8;3.0;86.2;72.7;2.8;3.4;4129.0;6951.0;37.3;62.7;11080.0;22160.000;10.8;0.84;88.87;113.000000;121.400000;117.2;Aptian;Early Cretaceous;High Soaring;Floodplain;Fluviodeltaic;Piscivore;Carnivore
Pterodactyloidea;Ornithocheiromorpha;Ornithocheiridae;Santanadactylus pricei;Santanadactylus pricei;Santanadactylus pricei;Out_Santanadactylus_pricei.jpg;BSP 1982 I 89;Mature;25.6;39.700;6.974;165.50;331.0;17.0;24.3;11.3;17.2;37.8;35.4;26.6;17.9;18.4;21.3;9.8;231.4;4678.2;117.8;4.6;93.1;2.3;58.3;51.6;2.8;3.2;1777.1;3250.3;35.3;64.7;5027.4;10054.800;10.9;0.89;69.36;113.000000;121.400000;117.2;Aptian;Early Cretaceous;Medium soaring;Floodplain;Fluviodeltaic;Piscivore;Carnivore
Pterodactyloidea;Ornithocheiromorpha;Ornithocheiridae;Cearadactylus atrox;Cearadactylus atrox;Cearadactylus atrox;Out_Cearadactylus_atrox.jpg;MN 7019-V;Mature;28.8;41.100;10.125;190.40;380.8;19.5;29.5;12.7;21.9;42.5;39.8;29.9;20.1;17.1;24.0;11.1;323.0;5793.8;188.1;5.1;91.9;3.0;62.7;54.8;3.0;3.5;2038.2;4266.7;32.3;67.7;6304.9;12609.800;11.5;0.87;80.30;113.000000;121.400000;117.2;Aptian;Early Cretaceous;High Soaring;Floodplain;Fluviodeltaic;Piscivore;Carnivore
Pterodactyloidea;Ornithocheiromorpha;Ornithocheiridae;Anhanghuera robustus;Anhanghuera robustus;Tropeognathus robustus;Out_Anhanghuera_robustus.jpg;SNSB-BSPG 1987 I 47;Mature;44.4;62.500;32.479;295.10;590.2;30.4;45.8;19.7;34.4;65.7;61.5;46.2;31.1;27.7;34.8;17.1;770.2;13680.2;408.9;5.2;92.1;2.8;95.6;83.8;3.1;3.5;4820.6;10038.7;32.4;67.6;14859.3;29718.600;11.7;0.88;109.29;113.000000;121.400000;117.2;Aptian;Early Cretaceous;High Soaring;Floodplain;Fluviodeltaic;Piscivore;Carnivore
Pterodactyloidea;Ornithocheiromorpha;Ornithocheiridae;Tropeognathus mesembrinus;Tropeognathus mesembrinus;Tropeognathus mesembrinus;Out_Tropeognathus_mesembrinus.jpg;MN 6594-V;Mature;47.2;82.200;64.667;382.30;764.6;40.8;60.3;20.3;41.2;89.3;77.7;60.4;38.4;37.4;44.8;21.4;1327.9;20964.5;686.1;5.8;91.2;3.0;114.8;99.4;3.3;3.8;7546.4;15432.1;32.8;67.2;22978.5;45957.000;12.7;0.87;140.71;113.000000;121.400000;117.2;Aptian;Early Cretaceous;High Soaring;Floodplain;Fluviodeltaic;Piscivore;Carnivore
Pterodactyloidea;Ornithocheiromorpha;Ornithocheiridae;Barbsonia gracilirostris;Barbsonia gracilirostris;Barbsonia gracilirostris;Out_Barbsonia_gracilirostris.jpg;MNHS/00/85;Mature;29.0;41.700;8.226;176.10;352.2;22.2;32.1;18.6;21.8;38.4;35.5;25.5;15.8;17.4;24.3;11.2;382.0;5328.4;183.7;6.5;90.4;3.1;62.3;53.3;2.8;3.3;2181.4;3712.7;37.0;63.0;5894.1;11788.200;10.5;0.86;69.78;113.000000;121.400000;117.2;Aptian;Early Cretaceous;Medium soaring;Floodplain;Fluviodeltaic;Piscivore;Carnivore
Pterodactyloidea;Ornithocheiromorpha;Ornithocheiridae;Brasileodactylus araripensis;Brasileodactylus araripensis;Anhanguera araripensis;Out_Anhanguera_araripensis.jpg;AMNH 24444;Mature;21.0;30.000;4.054;134.96;269.9;14.3;24.6;9.3;17.5;31.1;21.2;21.8;14.7;12.5;17.5;8.1;193.0;2953.5;99.1;5.9;91.0;3.1;45.7;38.8;3.0;3.5;1164.6;2081.0;35.9;64.1;3245.6;6491.200;11.2;0.85;62.45;113.000000;121.400000;117.2;Aptian;Early Cretaceous;Medium soaring;Floodplain;Fluviodeltaic;Piscivore;Carnivore
Pterodactyloidea;Ornithocheiromorpha;Ornithocheiridae;Maaradactylus kellneri;Maaradactylus kellneri;Maaradactylus kellneri;Out_Maaradactylus_kellneri.jpg;MPSC R 2357;Mature;37.7;53.800;21.027;250.60;501.2;25.9;39.3;16.9;29.3;56.1;52.6;39.5;26.5;21.9;31.9;14.4;565.2;9993.8;306.8;5.2;92.0;2.8;82.3;72.4;3.0;3.5;3444.5;7421.3;31.7;68.3;10865.8;21731.600;11.6;0.88;96.76;113.000000;121.400000;117.2;Aptian;Early Cretaceous;High Soaring;Floodplain;Fluviodeltaic;Piscivore;Carnivore
Pterodactyloidea;Ornithocheiromorpha;Ornithocheiridae;Ornithocheirus simus;Ornithocheirus simus;Ornithocheirus simus;Out_Ornithocheirus_simus.jpg;CAMSM B.54428;Mature;34.8;45.845;11.326;198.59;397.2;27.1;39.1;15.6;27.9;59.0;50.9;39.1;26.8;24.4;32.0;15.7;374.1;6697.9;208.4;5.1;92.0;2.9;69.1;59.4;2.9;3.3;2621.4;4658.9;36.0;64.0;7280.3;14560.675;10.8;0.86;77.78;93.900000;105.000000;99.45;Cenomanian;Late Cretaceous;Medium soaring;Floodplain;Fluviodeltaic;Piscivore;Carnivore
Pterodactyloidea;Ornithocheiromorpha;Ornithocheiridae;Mythunga camara;Mythunga camara;Mythunga camara;Out_Mythunga_camara.jpg;QM F18896;Mature;37.3;60.400;25.640;270.00;540.0;29.1;41.9;16.8;29.9;63.2;54.5;41.9;28.7;26.2;34.3;16.9;664.1;11360.1;386.0;5.4;91.5;3.1;87.2;76.1;3.1;3.5;4031.8;8378.4;32.5;67.5;12410.2;24820.400;11.7;0.87;103.30;100.900000;113.000000;106.95;Albian;Early Cretaceous;High Soaring;Coastal environment;Coastal/Shallow marine;Piscivore;Carnivore
Pterodactyloidea;Ornithocheiromorpha;Ornithocheiridae;Haliskia peterseni;Haliskia peterseni;Haliskia peterseni;Out_Haliskia_peterseni.jpg; KK F1426;Mature;25.1;44.700;9.312;184.50;369.0;19.6;26.1;13.7;21.0;46.3;36.4;28.0;20.9;18.7;26.0;11.6;276.1;5570.2;221.5;4.6;91.8;3.7;62.6;55.5;2.9;3.3;1924.9;4142.9;31.7;68.3;6067.8;12135.600;11.2;0.89;76.73;100.900000;113.000000;106.95;Albian;Early Cretaceous;Medium soaring;Coastal environment;Coastal/Shallow marine;Piscivore;Carnivore
Pterodactyloidea;Ornithocheiromorpha;Ornithocheiridae;Ferrodraco lentoni;Ferrodraco lentoni;Ferrodraco lentoni;Out_Ferrodraco_lentoni.jpg;AODF 876;Mature;26.04;64.500;7.996;174.23;348.5;19.6;27.3;11.8;19.6;39.2;34;25.8;18.4;17.2;22.6;11.6;293.9;4999.3;180.1;5.4;91.3;3.3;59.1;51.4;2.9;3.4;1888.6;3584.8;34.5;65.5;5473.3;10946.675;11.1;0.87;73.04;90.000000;96.000000;93;Cenomanian;Late Cretaceous;Medium soaring;Coastal environment;Coastal/Shallow marine;Piscivore;Carnivore
Pterodactyloidea;Ornithocheiromorpha;Ornithocheiridae;Thapunngaka shawi;Thapunngaka shawi;Thapunngaka shawi;Out_Thapunngaka_shawi.jpg;KKF 494;Mature;28.5;46.200;12.436;205.70;411.4;22.2;32.0;12.8;22.8;48.3;41.7;32.0;21.9;20.0;26.2;12.9;386.6;6601.7;239.2;5.3;91.3;3.3;66.6;58.5;3.1;3.5;2321.2;4906.3;32.1;67.9;7227.5;14455.000;11.7;0.88;86.03;100.900000;113.000000;106.95;Albian;Early Cretaceous;High Soaring;Coastal environment;Coastal/Shallow marine;Piscivore;Carnivore
Pterodactyloidea;Ornithocheiromorpha;Ornithocheiridae;Aussiedraco molnari;Aussiedraco molnari;Aussiedraco molnari;Out_Aussiedraco_molnari.jpg;QM F10613;Mature;27.7;39.800;8.078;174.90;349.8;20.3;29.8;15.4;20.9;38.5;35.5;26.2;16.8;16.6;23.1;10.7;333.6;5068.1;165.6;6.0;91.0;3.0;59.7;51.5;2.9;3.4;1996.5;3570.8;35.9;64.1;5567.3;11134.600;11.0;0.86;72.55;100.900000;113.000000;106.95;Albian;Early Cretaceous;Medium soaring;Coastal environment;Coastal/Shallow marine;Piscivore;Carnivore
Pterodactyloidea;Ornithocheiromorpha;Ornithocheiridae;Caulkicephalus trimicrodon;Caulkicephalus trimicrodon;Caulkicephalus trimicrodon;Out_Caulkicephalus_trimicrodon.jpg; IWCMS 2002.189.1, 2, 4;Mature;39.1;56.000;22.393;256.60;513.2;22.8;34.6;14.9;25.8;49.4;46.3;34.8;23.3;19.3;28.1;12.7;597.7;10635.8;330.1;5.2;92.0;2.9;85.6;75.0;3.0;3.4;3736.9;7826.7;32.3;67.7;11563.6;23127.200;11.4;0.88;96.82;124.500000;125.755000;125.1275;early Barremian ;Early Cretaceous;High Soaring;Forested wetland environment;Lacustrine: large lake;Piscivore;Carnivore
Pterodactyloidea;Ornithocheiromorpha;Ornithocheiridae;Ludodactylus sibbicki;Ludodactylus sibbicki;Ludodactylus sibbicki;Out_Ludodactylus_sibbicki.jpg;SMNK PAL 3828;Mature;33.3;47.500;15.471;223.30;446.6;22.9;34.7;14.9;25.9;49.5;46.5;34.9;23.4;19.3;28.2;12.7;435.9;7889.9;244.6;5.1;92.1;2.9;72.2;63.4;3.1;3.5;2818.6;5751.8;32.9;67.1;8570.4;17140.800;11.6;0.88;90.26;113.000000;121.400000;117.2;Aptian;Early Cretaceous;High Soaring;Floodplain;Fluviodeltaic;Piscivore;Carnivore
Pterodactyloidea;Ornithocheiromorpha;Ornithocheiridae;Hamipterus tianshanensis;Hamipterus tianshanensis;Hamipterus tianshanensis;Out_Hamipterus_tianshanensis.jpg;IVPP V18931.1;Mature;24.1;34.600;6.041;156.80;313.6;16.5;24.9;10.7;18.3;35.7;32.9;25.1;16.8;14.5;20.1;9.3;246.9;3741.0;117.1;6.0;91.1;2.9;48.5;42.6;3.2;3.7;1396.0;2709.0;34.0;66.0;4105.0;8210.000;12.0;0.88;73.58;124.122000;125.755000;124.9385;early Barremian ;Early Cretaceous;High Soaring;Coastal environment;Coastal/Shallow marine;Piscivore;Carnivore
Pterodactyloidea;Ornithocheiromorpha;Ornithocheiridae;Iberodactylus andreui;Iberodactylus andreui;Iberodactylus andreui;Out_Iberodactylus_andreui.jpg;MPZ-2014/1;Mature;33.8;48.400;15.416;223.00;446.0;23.0;34.9;14.9;25.6;50.0;46.1;35.1;23.5;20.3;28.2;13.0;437.6;7959.4;239.8;5.1;92.2;2.8;73.7;64.4;3.0;3.5;2812.1;5824.7;32.6;67.4;8636.8;17273.600;11.5;0.87;89.25;121.400000;125.770000;123.585;Barremian;Early Cretaceous;High Soaring;Coastal environment;Coastal/Shallow marine;Piscivore;Carnivore
Pterodactyloidea;Ornithocheiromorpha;Ornithocheiridae;Ikrandraco avatar;Ikrandraco avatar;Ikrandraco avatar;Out_Ikrandraco_avatar.jpg;IVPP V18199;Mature;28.7;16.700;0.782;72.70;145.4;8.1;12.6;5.0;8.7;14.2;14.7;12.0;8.1;7.1;9.7;4.5;55.1;869.7;33.0;5.8;90.8;3.4;24.4;21.3;3.0;3.4;338.2;619.6;35.3;64.7;957.8;1915.600;11.0;0.87;40.82;118.900000;122.000000;120.45;latest Barremian–early Aptian ;Early Cretaceous;Flap-soaring ;Forested wetland environment;Lacustrine: large lake;Piscivore;Carnivore
Pterodactyloidea;Ornithocheiromorpha;Ornithocheiridae;Guidraco venator;Guidraco venator;Guidraco venator;Out_Guidraco_venator.jpg;IVPP V17083;Mature;19.3;27.500;3.448;127.00;254.0;13.1;19.7;8.5;14.6;28.5;26.7;20.0;13.5;11.5;16.0;7.4;144.2;2108.6;85.9;6.2;90.2;3.7;41.7;36.5;3.0;3.5;861.9;1476.8;36.9;63.1;2338.7;4677.400;13.8;0.88;73.72;118.900000;122.000000;120.45;Aptian;Early Cretaceous;Medium soaring;Forested wetland environment;Lacustrine: large lake;Piscivore;Carnivore
Pterodactyloidea;Ornithocheiromorpha;Ornithocheiridae;Aetodactylus halli;Aetodactylus halli;Aetodactylus halli;Out_Aetodactylus_halli.jpg;SMU 76383;Mature;22.3;31.900;5.060;146.70;293.4;15.4;23.0;10.0;16.9;32.8;30.3;23.0;15.4;13.4;18.6;8.6;197.1;3445.8;110.8;5.3;91.8;3.0;48.3;42.2;3.0;3.5;1475.9;2277.8;39.3;60.7;3753.7;7507.400;11.5;0.87;67.41;96.000000;99.500000;97.75;Cenomanian;Late Cretaceous;Medium soaring;Floodplain;Fluviodeltaic;Piscivore;Carnivore
Pterodactyloidea;Ornithocheiromorpha;Ornithocheiridae;Uktenadactylus wadleighi;Uktenadactylus wadleighi;Coloborhynchus wadleighi;Out_Uktenadactylus_wadleighi.jpg;SMU 73058;Mature;37.4;60.600;25.792;270.60;541.2;29.1;42.0;16.8;29.9;63.4;54.6;42.0;28.8;26.2;34.3;16.9;673.4;11435.3;392.0;5.4;91.5;3.1;87.7;76.9;3.1;3.5;4921.9;7578.8;39.4;60.6;12500.7;25001.400;11.7;0.88;103.16;100.000000;125.000000;112.5;Albian;Early Cretaceous;High Soaring;Coastal environment;Coastal/Shallow marine;Piscivore;Carnivore
Pterodactyloidea;Ornithocheiromorpha;Ornithocheiridae;Liaoningopterus gui;Liaoningopterus gui;Liaoningopterus gui;Out_Liaoningopterus_gui.jpg;IVPP V-13291;Mature;43.7;30.600;12.244;204.50;409.0;21.0;31.9;13.7;23.8;45.5;42.7;32.0;21.5;17.8;25.9;11.7;371.2;6582.5;208.9;5.2;91.9;2.9;66.3;58.0;3.1;3.5;2310.5;4852.1;32.3;67.7;7162.6;14325.200;11.7;0.87;85.47;118.900000;122.000000;120.45;latest Barremian–early Aptian ;Early Cretaceous;High Soaring;Forested wetland environment;Lacustrine: large lake;Piscivore;Carnivore
Pterodactyloidea;Ornithocheiromorpha;Ornithocheiridae;Unwindia trigonus;Unwindia trigonus;Unwindia trigonus;Out_Unwindia_trigonus.jpg;SMNK PAL 6597;Mature;15.0;21.600;1.778;99.00;198.0;10.3;15.5;6.7;11.4;22.3;20.5;15.6;10.5;9.0;12.5;5.8;86.9;1564.5;54.9;5.1;91.7;3.2;32.4;28.5;3.1;3.5;550.1;1156.2;32.2;67.8;1706.3;3412.600;11.5;0.88;52.09;113.000000;121.400000;117.2;Aptian;Early Cretaceous;Flap-soaring ;Floodplain;Fluviodeltaic;Piscivore;Carnivore
Pterodactyloidea;Ornithocheiromorpha;Ornithocheiridae;Linlongopterus jennyae;Linlongopterus jennyae;Linlongopterus jennyae;Out_Linlongopterus_jennyae.jpg; IVPP V15549;Mature;16.0;23.506;1.919;101.88;203.8;14.5;21.6;9.1;15.7;31.4;28.4;21.7;14.6;12.8;17.5;8.2;98.8;1760.0;56.2;5.2;91.9;2.9;35.5;30.5;2.9;3.3;682.6;1232.5;35.6;64.4;1915.1;3830.148;10.8;0.86;50.10;118.900000;122.000000;120.45;Aptian;Early Cretaceous;Soaring;Forested wetland environment;Lacustrine: large lake;Piscivore;Carnivore
Pterodactyloidea;Ornithocheiromorpha;Ornithocheiridae;Cimoliopterus cuvieri;Cimoliopterus cuvieri;Cimoliopterus cuvieri;Out_Cimoliopterus_cuvieri.jpg;NHMUK PV 41637;Mature;23.7;35.200;6.375;160.00;320.0;16.8;25.0;10.5;18.2;36.5;32.9;25.1;16.9;14.9;20.3;9.6;230.9;4073.7;149.7;5.2;91.5;3.4;52.3;45.9;3.1;3.5;1443.7;3010.6;32.4;67.6;4454.3;8908.600;11.5;0.88;71.55;94.000000;100.000000;97;Cenomanian;Late Cretaceous;Medium soaring;Coastal environment;Coastal/Shallow marine;Piscivore;Carnivore
Pterodactyloidea;Ornithocheiromorpha;Ornithocheiridae;Siroccopteryx moroccensis;Siroccopteryx moroccensis;Siroccopteryx moroccensis;Out_Siroccopteryx_moroccensis.jpg;LINHM 016;Mature;27.9;45.2;11.757;201.40;402.8;21.7;31.3;12.5;22.3;47.3;40.8;31.3;21.4;19.6;25.6;12.6;370.8;6332.5;225.5;5.4;91.4;3.3;65.4;57.1;3.1;3.5;2215.9;4712.9;32.0;68.0;6928.8;13857.600;11.7;0.87;84.84;93.900000;100.500000;97.2;Cenomanian;Late Cretaceous;High Soaring;Floodplain;Fluviodeltaic;Piscivore;Carnivore
Pterodactyloidea;Ornithocheiromorpha;Ornithocheiridae;Nicorhynchus capito;Nicorhynchus capito;Nicorhynchus capito;Out_Nicorhynchus_capito.jpg;CAMSM B 54625;Mature;31.2;50.400;15.880;225.50;451.0;24.3;35.0;14.0;24.9;52.8;45.5;35.0;24.0;21.8;28.6;14.1;465.7;7898.7;281.3;5.4;91.4;3.3;72.7;63.6;3.1;3.5;2800.2;5845.5;32.4;67.6;8645.7;17291.400;11.8;0.87;91.84;92.500000;105.000000;98.75;Cenomanian;Late Cretaceous;High Soaring;Floodplain;Fluviodeltaic;Piscivore;Carnivore
Pterodactyloidea;Ornithocheiromorpha;Ornithocheiridae;Boreopterus giganticus;Boreopterus giganticus;Boreopterus giganticus;Out_Boreopterus_giganticus.jpg;IVPP V14585;Mature;28.0;36;4.781;143.6;287.2;19.3;23.5;8.7;19.8;31.1;24.6;18.8;16.6;18.2;17.8;3.6;254.9;3913.4;145.6;5.9;90.7;3.4;55.6;48.2;2.6;3.0;1613.9;2700;37.4;62.6;4313.9;8627.800;9.6;0.87;55.41;124.122000;125.755000;124.9385;early Barremian ;Early Cretaceous;Flap-soaring ;Forested wetland environment;Lacustrine: large lake;Carnivore;Piscivore
Pterodactyloidea;Ornithocheiromorpha;Ornithocheiridae;Coloborhynchus clavirostris;Coloborhynchus clavirostris;Coloborhynchus clavirostris;Out_Coloborhynchus_clavirostris.jpg;IWCMS 2014.82;Mature;17.8;25.5;2.798;117.4;234.8;12.1;18.3;7.9;13.5;26.3;24.3;18.4;12.3;10.7;14.8;6.8;121.2;2217.9;76;5.0;91.8;3.1;38.6;33.6;3.0;3.5;787.0;1628.1;32.6;67.4;2415.1;4830.200;11.4;0.87;57.92;121.400000;125.770000;123.585;Barremian;Early Cretaceous;Flap-soaring ;Fluvial environment;Alluvial plain ;Piscivore;Carnivore
Pterodactyloidea;Ornithocheiromorpha;Istiodactyloidae;Istiodactylus latidens;Istiodactylus latidens;Istiodactylus latidens;Out_Istiodactylus_latidens.jpg;BMNH R 0176;Mature;21.3;45.200;5.626;152.66;305.3;19.4;36.9;8.7;21.7;46.1;33.9;27.9;21.4;19.5;25.7;5.8;216.6;4212.1;212.5;4.7;90.8;4.6;58.0;51.0;2.6;3.0;1565.6;3075.6;33.7;66.3;4641.2;9282.465;10.0;0.88;60.61;121.400000;125.770000;123.585;Barremian;Early Cretaceous;Medium soaring;Fluvial environment;Alluvial plain ;Carnivore;Piscivore
Pterodactyloidea;Ornithocheiromorpha;Istiodactyloidae;Istiodactylus sinensis;Istiodactylus sinensis;Istiodactylus sinensis;Out_Istiodactylus_sinensis.jpg;NGMC 99-07-011;Mature;19.2;33.800;3.912;133.17;266.3;12.9;24.5;7.5;17.7;27.5;24;19.7;14.2;15.8;18;6.7;175.5;3054.3;121.0;5.2;91.2;3.6;48.1;41.0;2.8;3.2;1199.9;2150.9;35.8;64.2;3350.8;6701.602;10.6;0.85;58.37;118.900000;122.000000;120.45;latest Barremian–early Aptian ;Early Cretaceous;Medium soaring;Forested wetland environment;Lacustrine: large lake;Carnivore;Piscivore
Pterodactyloidea;Ornithocheiromorpha;Istiodactyloidae;Nurhachius ignaciobritoi;Nurhachius ignaciobritoi;Nurhachius ignaciobritoi;Out_Nurhachius_ignaciobritoi.jpg;BPMC-0204;Mature;24;34.300;3.009;120.65;241.3;14.2;24.9;8.5;15.4;26.1;22.7;15.4;9.1;15.5;18.8;6.4;200.2;3006.8;124.6;6.0;90.3;3.7;53.0;42.9;2.3;2.8;1400.6;1931.0;42.0;58.0;3331.6;6663.245;8.7;0.81;45.16;118.900000;122.000000;120.45;latest Barremian–early Aptian ;Early Cretaceous;Flap-soaring ;Forested wetland environment;Lacustrine: large lake;Carnivore;Piscivore
Pterodactyloidea;Ornithocheiromorpha;Istiodactyloidae;Nurhachius luei;Nurhachius luei;Nurhachius luei;Out_Nurhachius_luei.jpg;IVPP V-13288;Mature;16.7;24.000;1.186;85.04;170.1;10.1;17.6;6.0;10.8;18.4;16.0;10.8;6.3;10.8;13.2;4.7;97.9;1507.2;63.9;5.9;90.3;3.8;37.1;30.5;2.3;2.8;708.9;960.1;42.5;57.5;1669.0;3338.029;8.7;0.82;35.54;118.900000;122.000000;120.45;latest Barremian–early Aptian ;Early Cretaceous;Flap-soaring ;Forested wetland environment;Lacustrine: large lake;Carnivore;Piscivore
Pterodactyloidea;Ornithocheiromorpha;Istiodactyloidae;Haopterus gracilis;Haopterus gracilis;Haopterus gracilis;Out_Haopterus_gracilis.jpg;IVPP V11726;Mature;9.1;14.400;0.557;64.00;128.0;6.8;10.3;3;7.3;14.3;11.3;9.3;8.3;5.4;9;3.6;37.8;659.5;22.7;5.2;91.6;3.2;21.2;18.6;3.0;3.4;244.7;475.3;34.0;66.0;720.0;1439.931;11.4;0.87;38.68;124.122000;125.755000;124.9385;early Barremian ;Early Cretaceous;Flap-soaring ;Forested wetland environment;Lacustrine: large lake;Carnivore;Piscivore
Pterodactyloidea;Ornithocheiromorpha;Istiodactyloidae;Yixianopterus jingangshanensis;Yixianopterus jingangshanensis;Yixianopterus jingangshanensis;Out_Yixianopterus_jingangshanensis.jpg;JZMP-V-12;Mature;25;27.500;2.359;110.10;220.2;10.4;17.6;5.4;13.3;23.2;20.6;16.7;12.1;11.3;16.2;13;107.4;2613.3;85.1;3.8;93.1;3.0;48.3;41.8;2.3;2.6;988.1;1817.7;35.2;64.8;2805.8;5611.540;8.6;0.86;42.03;124.122000;125.755000;124.9385;early Barremian ;Early Cretaceous;Flap-soaring ;Forested wetland environment;Lacustrine: large lake;Carnivore;Piscivore
Pterodactyloidea;Ornithocheiromorpha;Istiodactyloidae;Longchengopterus zhaoi;Longchengopterus zhaoi;Longchengopterus zhaoi;Out_Longchengopterus_zhaoi.jpg;LPM 00023;Mature;14.4;24.600;1.855;100.60;201.2;8.9;17.3;5.9;17.8;15.8;18.8;15.2;11.1;11.1;13.5;4.9;83.8;1703.3;67.2;4.5;91.9;3.6;35.2;30.4;2.9;3.3;644.8;1209.6;34.8;65.2;1854.4;3708.743;10.9;0.86;50.02;118.900000;122.000000;120.45;latest Barremian–early Aptian ;Early Cretaceous;Flap-soaring ;Forested wetland environment;Lacustrine: large lake;Carnivore;Piscivore
Pterodactyloidea;Ornithocheiromorpha;Istiodactyloidae;Mimodactylus libanensis;Mimodactylus libanensis;Mimodactylus libanensis;Out_Mimodactylus_libanensis.jpg;MIM F1;Mature;8.9;9.460;0.429;58.01;116.0;4.9;7.8;5.02;5.8;11.4;11.2;10.2;9.04;3.96;5.5;2.9;21.4;477.2;11.1;4.2;93.6;2.2;16.9;14.8;3.4;3.9;184.3;325.4;36.2;63.8;509.7;1019.403;13.2;0.88;42.07;93.500000;97.200000;95.35;Cenomanian;Late Cretaceous;Flap-soaring ;Coastal environment;Coastal/Shallow marine;Piscivore;Piscivore
Pterodactyloidea;Ornithocheiromorpha;Istiodactyloidae;Hongshanopterus lacustris;Hongshanopterus lacustris;Hongshanopterus lacustris;Out_Hongshanopterus_lacustris.jpg;IVPP V14582;Mature;15.2;23.5;1.331;88.8;177.6;9.6;17.3;5.5;12.1;20.1;17.4;13.8;10.1;10.3;13.2;5.3;88.8;1581.9;71.3;5.1;90.8;4.1;34.9;30.5;2.5;2.9;610.3;1131.7;35.0;65.0;1742.0;3484.000;9.1;0.87;38.21;118.900000;122.000000;120.45;Aptian;Early Cretaceous;Flap-soaring ;Forested wetland environment;Lacustrine: large lake;Carnivore;Piscivore
Pterodactyloidea;Ornithocheiromorpha;Istiodactyloidae;Liaoxipterus brachyognathus;Liaoxipterus brachyognathus;Liaoxipterus brachyognathus;Out_Liaoxipterus_brachyognathus.jpg;CAR-0018;Mature;10.3;15.8;0.530;62.8;125.6;6.5;11.6;3.7;8.1;13.5;11.7;9.3;6.8;6.9;8.9;3.6;41.2;719.9;38.3;5.2;90.1;4.8;23.9;20.7;2.6;3.0;274.6;524.8;34.4;65.6;799.4;1598.800;9.9;0.87;33.13;118.900000;122.000000;120.45;latest Barremian–early Aptian ;Early Cretaceous;Flap-soaring ;Forested wetland environment;Lacustrine: large lake;Carnivore;Piscivore
Pterodactyloidea;Ornithocheiromorpha;Istiodactyloidae;Luchibang xingzhe;Luchibang xingzhe;Luchibang xingzhe;Out_Luchibang_xingzhe.jpg;ELDM 1000;Mature;16.7;25.8;1.986;103.2;206.4;10.6;18.9;6.0;13.3;22.1;19.1;15.1;11.1;11.3;14.5;5.8;108.9;1909.9;83.3;5.2;90.9;4.0;38.9;33.5;2.7;3.1;739.6;1362.5;35.2;64.8;2102.1;4204.200;10.1;0.86;47.23;121.400000;125.770000;123.585;Barremian;Early Cretaceous;Flap-soaring ;Forested wetland environment;Lacustrine: large lake;Carnivore;Piscivore
Pterodactyloidea;Ornithocheiromorpha;Istiodactyloidae;Lingyuanopterus camposi;Lingyuanopterus camposi;Lingyuanopterus camposi;Out_Lingyuanopterus_camposi.jpg;IVPP V 17940;Mature;19.7;30.4;3.038;121.1;242.2;12.5;22.3;7.1;15.6;26.0;22.6;17.8;13.0;13.3;17.1;6.8;152.3;2628.3;108.6;5.3;91.0;3.8;45.6;38.8;2.7;3.1;1011.2;1878;35.0;65.0;2889.2;5778.400;10.2;0.85;52.58;118.900000;122.000000;120.45;Aptian;Early Cretaceous;Flap-soaring ;Forested wetland environment;Lacustrine: large lake;Carnivore;Piscivore
Pterodactyloidea;Pteranodontia;Pteranodontidae;Pteranodon sternbergi;Pteranodon sternbergi;Pteranodon sternbergi;Out_Pteranodon_sternbergi.jpg;FHSM VP339;Mature;41.7;58.600;22.418;256.71;513.4;23.7;37;16.3;48.8;55.9;51.2;34.8;16;22.6;36;17.7;487.1;11495.4;357.8;3.9;93.2;2.9;91.7;80.5;2.8;3.2;3953.9;8386.3;32.0;68.0;12340.2;24680.480;10.7;0.88;90.83;77.850000;84.950000;81.4;upper Santonian-lower Campanian;Late Cretaceous;High Soaring;Marine environment;Coastal/Shallow marine;Piscivore;Generalist
Pterodactyloidea;Pteranodontia;Pteranodontidae;Tethysdraco regalis;Tethysdraco regalis;Tethysdraco regalis;Out_Tethysdraco_regalis.jpg;FSAC-OB 1;Mature;42.4;57.800;22.532;257.20;514.4;20.5;27.3;13.0;39.5;44.4;42.5;30.5;18.0;18;27;8.2;461.7;10416.3;375.6;4.1;92.6;3.3;90.4;80.1;2.8;3.2;3389.6;7864.0;30.1;69.9;11253.6;22507.200;11.8;0.89;100.11;66.000000;67.000000;66.5;upper Maastrichtian;Late Cretaceous;High Soaring;Coastal environment;Coastal/Shallow marine;Piscivore;Generalist
Pterodactyloidea;Pteranodontia;Pteranodontidae;Dawndraco kanzai;Dawndraco kanzai;Dawndraco kanzai;Out_Dawndraco_kanzai.jpg;UALVP 24238;Mature;34;45.000;13.223;210.50;421.0;23.1;35.1;15.9;50.9;57.7;51.0;35.3;18.7;28.1;29.7;14.3;315.3;7374.1;230.5;4.0;93.1;2.9;70.8;63.9;3.0;3.3;2283.6;5636.3;28.8;71.2;7919.9;15839.800;11.2;0.90;83.48;77.850000;84.950000;81.4;upper Santonian-lower Campanian;Late Cretaceous;High Soaring;Marine environment;Coastal/Shallow marine;Piscivore;Generalist
Pterodactyloidea;Pteranodontia;Pteranodontidae;Pteranodon longiceps;Pteranodon longiceps;Pteranodon longiceps;Out_Pteranodon_longiceps.jpg;FMNH PR464;Mature;58.4;78.100;52.822;354.30;708.6;34.5;46.6;20.9;72.4;82.0;67.4;46.0;24.9;33.2;44.9;19.3;914.9;21266.9;663.0;4.0;93.1;2.9;122.6;110.3;2.9;3.2;6699.1;16145.7;29.3;70.7;22844.8;45689.600;11.0;0.90;115.61;77.850000;84.950000;81.4;upper Santonian-lower Campanian;Late Cretaceous;High Soaring;Marine environment;Coastal/Shallow marine;Piscivore;Generalist
Pterodactyloidea;Pteranodontia;Nyctosauridae;Alamodactylus byrdi;Alamodactylus byrdi;Alamodactylus byrdi;Out_Alamodactylus_byrdi.jpg;SMU 76476;Mature;27.8;40.600;11.695;201.00;402.0;15;18.0;5.5;13.6;23.8;21.1;17.1;12.4;11.6;16.6;13.3;220.8;6123.9;172.4;3.4;94.0;2.6;62.5;56.2;3.2;3.6;1690.0;4827.1;25.9;74.1;6517.1;13034.200;12.4;0.90;89.72;88.050000;89.800000;88.925;Santonian;Late Cretaceous;High Soaring;Marine environment;Coastal/Shallow marine;Piscivore;Carnivore
Pterodactyloidea;Pteranodontia;Nyctosauridae;Muzquizopteryx coahuilensis;Muzquizopteryx coahuilensis;Muzquizopteryx coahuilensis;Out_Muzquizopteryx_coahuilensis.jpg;UNAM IGM 8621;Mature;18.5;23.200;1.398;90.46;180.9;8.7;14.2;7.3;19.5;21.3;20.2;10.3;0.0;9.2;14.0;3.5;69.5;1674.6;58.3;3.9;92.9;3.2;38.1;33.0;2.4;2.7;612.2;1190.2;34.0;66.0;1802.4;3604.799;9.1;0.87;38.79;89.800000;91.850000;90.825;Turonian;Late Cretaceous;Flap-soaring ;Coastal environment;Coastal/Shallow marine;Piscivore;Carnivore
Pterodactyloidea;Pteranodontia;Nyctosauridae;Nyctosaurus gracilis;Nyctosaurus gracilis;Nyctosaurus gracilis;Out_Nyctosaurus_gracilis.jpg;Unumbered;Mature;15.3;26.400;4.766;143.44;286.9;11.2;18.8;10.6;32.0;38.8;28.5;20.7;0.0;11.1;15.3;9.5;111.4;2610.5;76.3;4.0;93.3;2.7;37.8;33.5;3.8;4.3;751.9;2046.3;26.9;73.1;2798.2;5596.427;14.7;0.89;85.17;77.850000;84.950000;81.4;upper Santonian-lower Campanian;Late Cretaceous;High Soaring;Marine environment;Coastal/Shallow marine;Piscivore;Carnivore
Pterodactyloidea;Pteranodontia;Nyctosauridae;Nyctosaurus nanus;Nyctosaurus nanus;Nyctosaurus nanus;Out_Nyctosaurus_nanus.jpg;YPM 1182;Mature;14;17.000;1.638;96.00;192.0;7.4;14.7;8.7;23.5;21.4;19.7;13.9;0.0;6.9;10.1;5.6;63.2;1339.4;36.5;4.4;93.1;2.5;28.0;24.4;3.4;3.9;437.0;1002.1;30.4;69.6;1439.1;2878.200;12.8;0.87;56.91;77.850000;84.950000;81.4;upper Santonian-lower Campanian;Late Cretaceous;Medium soaring;Marine environment;Coastal/Shallow marine;Piscivore;Carnivore
Pterodactyloidea;Pteranodontia;Nyctosauridae;Alcione elainus;Alcione elainus;Alcione elainus;Out_Alcione_elainus.jpg;FSAC-OB 2;Mature;17.3;25.900;2.364;110.20;220.4;10.4;12.5;10.2;15.6;29.5;24.9;23.3;0.0;11.5;14.4;8.9;75.7;2117.7;81.9;3.3;93.1;3.6;38.7;35.7;2.8;3.1;581.1;1694.2;25.5;74.5;2275.3;4550.600;10.7;0.92;51.95;66.000000;67.000000;66.5;upper Maastrichtian;Late Cretaceous;Medium soaring;Marine environment;Coastal/Shallow marine;Piscivore;Carnivore
Pterodactyloidea;Pteranodontia;Nyctosauridae;Barbarydactylus grandis;Barbarydactylus grandis;Barbarydactylus grandis;Out_Barbarydactylus_grandis.jpg; FSAC-OB 232;Mature;31.1;44.700;16.710;229.86;459.7;22.5;28.7;19.8;54.9;57.4;48.4;31.3;0.0;19.2;25.5;14.7;359.0;7676.1;232.9;4.3;92.8;2.8;67.1;60.7;3.4;3.8;2327.4;5940.6;28.1;71.9;8268.0;16536.000;12.8;0.90;101.05;66.000000;67.000000;66.5;upper Maastrichtian;Late Cretaceous;High Soaring;Marine environment;Coastal/Shallow marine;Piscivore;Carnivore
Pterodactyloidea;Pteranodontia;Nyctosauridae;Simurghia robusta;Simurghia robusta;Simurghia robusta;Out_Simurghia_robusta.jpg;FSAC-OB 6;Mature;45.9;72.300;22.277;256.10;512.2;16.5;33.7;21.0;58.2;60.9;51.3;46.0;0.0;32.4;39.9;28.5;347.3;13459.3;552.2;2.4;93.7;3.8;99.1;87.9;2.6;2.9;3566.6;10792.2;24.8;75.2;14358.8;28717.600;9.1;0.89;77.57;66.000000;67.000000;66.5;upper Maastrichtian;Late Cretaceous;High Soaring;Marine environment;Coastal/Shallow marine;Piscivore;Carnivore
Pterodactyloidea;Pteranodontia;Nyctosauridae;Epapatelo otyikokolo;Epapatelo otyikokolo;Epapatelo otyikokolo;Out_Epapatelo_otyikokolo.jpg;MGUAN-PA650;Mature;22.2;39.6;15.416;223;446.0;21.3;29.0;15.9;46.0;51.8;42.2;30.7;15.4;16.7;23.0;14.3;327.2;5967.8;169.9;5.1;92.3;2.6;55.1;49.6;4.047186933;4.495967742;1813.0;4651.9;28.0;72.0;6464.9;12929.800;15.4;0.90;119.23;68.000000;70.000000;69;Maastrichtian;Late Cretaceous;High Soaring;Marine environment;Coastal/Shallow marine;Piscivore;Carnivore
Pterodactyloidea;Pteranodontia;Nyctosauridae;Simurghia lamegoi;Simurghia lamegoi;Nyctosaurus lamegoi;Out_Simurghia_lamegoi.jpg;;Mature;39.1;41.8;15.233;222;444.0;18.5;31.1;19.6;51.5;55.9;45.3;32.0;0.0;17.1;24.7;13.4;319;7268;190.5;4.101575056;93.44905175;2.449373192;67.2;59.6;3.303571429;3.724832215;2236.1;5541.4;28.8;71.2;7777.5;15555.000;12.7;0.89;97.93;68.000000;72.000000;70;Campanian-Maastrichtian;Late Cretaceous;High Soaring;Marine environment;Coastal/Shallow marine;Piscivore;Carnivore
Pterodactyloidea;Pteranodontia;Nyctosauridae;Cretornis hlavaci;Cretornis hlavaci;Cretornis hlavaci;Out_Cretornis_hlavaci.jpg;NMP Ob;Mature;11.7;15.2;0.936;77.8;155.6;7.6;10.7;5.5;15.9;19.1;14.8;10.4;4.5;6.2;9.0;4.9;43.8;943.1;34;4.29033206;92.37927319;3.33039475;24.4;22.2;3.18852459;3.504504505;288.9;732;28.3;71.7;1020.9;2041.800;11.9;0.91;45.86;89.800000;91.850000;90.825;Turonian;Late Cretaceous;Flap-soaring ;Coastal environment;Coastal/Shallow marine;Piscivore;Carnivore
Pterodactyloidea;basal pterodactyloidea;basal pterodactyloidea;Propterodactylus frankerlae;Propterodactylus frankerlae;Propterodactylus frankerlae;Out_Propterodactylus_frankerlae.jpg;DMA-JP-2011/006;Mature;5.9;7.120;0.041;23.94;47.9;3.4;4.7;1.9;2.2;3.9;4.3;3.7;3.38;3.3;3.9;1.21;9;143;5;5.8;91.3;2.9;11.7;10.1;2.0;2.4;65.8;91;42.1;57.9;156.3;312.612;7.3;0.86;13.02;154.800000;161.500000;158.15;Oxfordian ;Late Jurassic;Burst-flapping;Archipelago;Lagoonal deposit;Carnivore;Piscivore
Pterodactyloidea;basal pterodactyloidea;basal pterodactyloidea;Changchengopterus pani;Changchengopterus pani;Changchengopterus pani;Out_Changchengopterus_pani.jpg;CYGB-0036;Mature;10.0;9.900;0.156;39.65;79.3;5.0;7.6;3.1;2.8;5.9;6.3;6.2;5.9;4.2;5.7;3.7;22.0;348.6;14.5;5.7;90.5;3.8;17.4;14.5;2.3;2.7;177.0;208.2;45.9;54.1;385.2;770.382;8.2;0.84;20.23;154.800000;161.500000;158.15;Oxfordian ;Late Jurassic;Flap-glidding;Forested wetland environment;Lacustrine: small lake;Carnivore;Insectivore
Pterodactyloidea;basal pterodactyloidea;basal pterodactyloidea;Douzhanopterus zhengi;Douzhanopterus zhengi;Douzhanopterus zhengi;Out_Douzhanopterus_zhengi.jpg;STM 19–35;Mature;9.6;10.950;0.087;31.86;63.7;4.7;5.9;2.4;3.2;4.9;5.6;5.3;4.55;3.9;7.1;2.2;16;299;9;4.9;92.2;2.9;18.4;15.7;1.7;2.0;132.7;192;40.9;59.1;324.6;649.126;6.3;0.85;13.42;154.800000;161.500000;158.15;Oxfordian ;Late Jurassic;Burst-flapping;Forested wetland environment;Lacustrine: small lake;Carnivore;Insectivore
Pterodactyloidea;basal pterodactyloidea;basal pterodactyloidea;Kryptodrakon progenitor;Kryptodrakon progenitor;Kryptodrakon progenitor;Out_Kryptodrakon_progenitor.jpg;IVPP V18184;Mature;18;20.2;0.862;75.4;150.8;7.5;13;5;8.6;11;11;11;9;9;12;5;66.9;1446.2;70.8;4.2;91.3;4.5;38.9;33.9;1.9;2.2;598.4;985.5;37.8;62.2;1583.9;3167.800;7.2;0.87;27.20;154.800000;161.500000;158.15;Oxfordian ;Late Jurassic;Flap-glidding;Forested wetland environment;Lacustrine: small lake;Carnivore;Insectivore
Pterodactyloidea;basal pterodactyloidea;basal pterodactyloidea;Skiphosoura barvarica;Skiphosoura barvarica;Skiphosoura barvarica;Out_Skiphosoura_barvarica.jpg;LF 4157;Mature;21;25.700;1.259;86.95;173.9;10.7;17;7;11.2;13.3;14.3;14;10.8;11.5;14.2;6.3;104.9;1772.4;77.2;4.2;91.3;4.5;42.4;34.9;2.0;2.5;824.4;1130.0;42.2;57.8;1954.5;3908.907;7.7;0.82;32.20;147.100000;149.200000;148.15;lower Tithonian;Late Jurassic;Flap-glidding;Archipelago;Lagoonal deposit;Carnivore;Piscivore
Pterodactyloidea;basal pterodactyloidea;basal pterodactyloidea;Diopecephalus kochi;Diopecephalus kochi;Pterodactylus kochi;Out_Diopecephalus_kochi.jpg;MHNLR 2011.0.1;Mature;6.9;8.300;0.018;17.68;35.4;3.5;4.6;1.1;3.9;4.7;4.3;3.5;3;3.6;4.7;2.25;4.7;79.0;2.9;5.4;91.3;3.3;8.8;7.4;2.0;2.4;37.0;49.5;42.7;57.3;86.5;173.042;7.2;0.85;10.50;152.100000;155.700000;153.9;upper Oxfordian-lower Kimmeridgian;Late Jurassic;Burst-flapping;Archipelago;Lagoonal deposit;Carnivore;Piscivore
Pterodactyloidea;Ctenochasmatoidea;basal ctenochasmatoidae;Pterodactylus antiquus;Pterodactylus antiquus;Pterodactylus antiquus;Out_Pterodactylus_antiquus.jpg;MBH 250624-10 ;Mature;15.5;15.5;0.627;66.90;133.8;9.3;10.8;3.6;8.4;12.7;11.8;9.8;7.0;6.5;8.9;3.6;57.6;907.9;24.1;5.8;91.7;2.4;27.3;23.8;2.4;2.8;410.6;579.0;41.5;58.5;989.6;1979.200;9.0;0.87;31.67;147.100000;149.200000;148.15;lower Tithonian;Late Jurassic;Flap-glidding;Archipelago;Lagoonal deposit;Piscivore;Generalist
Pterodactyloidea;Ctenochasmatoidea;basal ctenochasmatoidae;Petrodactyle wellnhoferi;Petrodactyle wellnhoferi;Petrodactyle wellnhoferi;Out_Petrodactyle_wellnhoferi.jpg;LF 2809;Mature;18.8;35.900;2.002;103.52;207.0;8.9;15.2;9.6;18.9;24.9;17.3;11.6;10.3;13.6;22.3;6.5;78.2;2559.2;128.2;2.8;92.5;4.6;50.1;45.2;2.1;2.3;850.8;1914.7;30.8;69.2;2765.5;5531.053;7.8;0.90;36.20;147.100000;149.200000;148.15;lower Tithonian;Late Jurassic;Flap-soaring ;Archipelago;Lagoonal deposit;Filter Feeder;Piscivore
Pterodactyloidea;Ctenochasmatoidea;basal ctenochasmatoidae;Cycnorhamphus suevicus;Cycnorhamphus suevicus;Cycnorhamphus suevicus;Out_Cycnorhamphus_suevicus.jpg;Painten Pelican;Mature;27.3;35.800;2.729;116.30;232.6;11.8;15.7;8.5;19.4;25.4;20.7;15.3;14.0;13.9;22.0;10.2;105.0;3263.9;131.1;3.0;93.3;3.7;57.0;50.5;2.0;2.3;1091.2;2408.8;31.2;68.8;3500.0;7000.000;7.7;0.89;38.98;149.200000;152.000000;150.6;Kimmeridgian;Late Jurassic;Flap-glidding;Archipelago;Lagoonal deposit;Filter Feeder;Piscivore
Pterodactyloidea;Ctenochasmatoidea;basal ctenochasmatoidae;Cycnorhamphus canjuersensis;Cycnorhamphus canjuersensis;Cycnorhamphus canjuersensis;Out_Cycnorhamphus_canjuersensis.jpg;MNHN.F.CNJ71;Mature;12.7;24.5;0.759;71.9;143.8;7.4;11.4;8.5;12.7;16.1;13.7;9.7;5.7;10.3;14.2;7.3;46.5;1171.7;76.2;3.6;90.5;5.9;31.8;30.5;2.3;2.357377049;387.8;906.6;30.0;70.0;1294.4;2588.800;8.0;0.96;29.33;147.100000;149.200000;148.15;lower Tithonian;Late Jurassic;Flap-glidding;Archipelago;Lagoonal deposit;Filter Feeder;Piscivore
Pterodactyloidea;Ctenochasmatoidea;Ctenochasmatidae;Ctenochasma elegans;Ctenochasma elegans;Ctenochasma elegans;Out_Ctenochasma_elegans.jpg;BST 1934;Mature;18.5;20.200;0.808;73.60;147.2;9.1;13.8;4.9;9.9;14.2;12.8;10;7.7;7.5;12.7;8.2;72.1;1270.9;44.9;5.2;91.6;3.2;34.7;29.2;2.1;2.5;574.7;813.2;41.4;58.6;1387.9;2775.831;7.8;0.84;29.11;145.000000;150.000000;147.5;Tithonian;Late Jurassic;Flap-glidding;Archipelago;Lagoonal deposit;Filter Feeder;Piscivore
Pterodactyloidea;Ctenochasmatoidea;Ctenochasmatidae;Ctenochasma taqueti;Ctenochasma taqueti;Ctenochasma taqueti;Out_Ctenochasma_taqueti.jpg;Unumbered;Mature;14.9;19.600;0.443;58.70;117.4;6.6;9.5;4.9;6;12.8;10.3;9.8;6.8;6.7;10.3;6.7;35.9;829.6;36.8;4.0;91.9;4.1;28.9;24.7;2.0;2.4;329.7;572.6;36.5;63.5;902.3;1804.600;7.6;0.85;24.53;145.000000;150.000000;147.5;Tithonian;Late Jurassic;Flap-glidding;Archipelago;Lagoonal deposit;Filter Feeder;Piscivore
Pterodactyloidea;Ctenochasmatoidea;Ctenochasmatidae;Ningchengopterus liuae;Ningchengopterus liuae;Ningchengopterus liuae;Out_Ningchengopterus_liuae.jpg;CYGB-0035;Immature;3.1;3.200;0.006;11.90;23.8;1.6;2.1;1;1.6;2;2.0;1.7;1.5;1.4;1.8;1.0;2.0;33.3;1.3;5.3;91.2;3.5;5.6;4.7;2.1;2.5;15.3;21.2;41.9;58.1;36.5;72.947;7.8;0.84;8.69;122.000000;130.000000;126;Hauterivian;Early Cretaceous;Burst-flapping;Forested wetland environment;Lacustrine: large lake;Filter Feeder;Piscivore
Pterodactyloidea;Ctenochasmatoidea;Ctenochasmatidae;Eosipterus yangi;Eosipterus yangi;Eosipterus yangi;Out_Eosipterus_yangi.jpg;GMV2117;Mature;12.5;15.600;0.389;55.94;111.9;6.4;9.5;1.8;7.3;9.7;9.5;8.0;7.3;6.0;9.6;5.2;39.5;687.2;27.0;5.2;91.2;3.6;24.5;21.1;2.3;2.6;304.5;449.3;40.4;59.6;753.8;1507.529;8.3;0.86;25.83;124.122000;125.755000;124.9385;early Barremian ;Early Cretaceous;Flap-glidding;Forested wetland environment;Lacustrine: large lake;Filter Feeder;Piscivore
Pterodactyloidea;Ctenochasmatoidea;Ctenochasmatidae;Pterodaustro guinazui;Pterodaustro guinazui;Pterodaustro guinazui;Out_Pterodaustro_guinazui.jpg;PVL 3860;Mature;43.2;37.000;5.841;154.83;309.7;14.8;24.3;10.4;19.8;28.2;27.3;22;16.1;15;22;20.4;278.3;5567.3;153.9;4.6;92.8;2.6;73.3;59.8;2.1;2.6;2571.7;3427.8;42.9;57.1;5999.6;11999.127;8.0;0.82;48.68;100.500000;113.000000;106.75;Albian;Early Cretaceous;Flap-soaring ;Floodplain;Fluviodeltaic;Filter Feeder;Piscivore
Pterodactyloidea;Ctenochasmatoidea;Ctenochasmatidae;Beipiaopterus chenianus;Beipiaopterus chenianus;Beipiaopterus chenianus;Out_Beipiaopterus_chenianus.jpg;BPM 0002;Mature;11.7;13.700;0.429;58.03;116.1;6.8;8;2.8;7.3;17.6;8.3;7.8;5.1;3.6;10.1;5.6;29.6;678.0;17.2;4.1;93.5;2.4;22.7;20.4;2.6;2.8;250.1;474.7;34.5;65.5;724.8;1449.603;9.3;0.90;29.62;124.122000;125.755000;124.9385;early Barremian ;Early Cretaceous;Flap-glidding;Forested wetland environment;Lacustrine: large lake;Filter Feeder;Piscivore
Pterodactyloidea;Ctenochasmatoidea;Ctenochasmatidae;Kepodactylus insperatus;Kepodactylus insperatus;Kepodactylus insperatus;Out_Kepodactylus_insperatus.jpg;DMNH 21684;Mature;26.3;36.100;1.955;102.60;205.2;12.5;19.2;8.2;17.2;20.1;15.5;12.8;11.5;13.7;22.5;9.9;137.3;2793.8;132.0;4.5;91.2;4.3;56.4;47.1;1.8;2.2;1245.1;1818.0;40.6;59.4;3063.1;6126.200;6.9;0.84;31.91;143.100000;154.800000;148.95;Tithonian;Late Jurassic;Flap-soaring ;Semi-arid floodplain;Playa;Filter Feeder;Piscivore
Pterodactyloidea;Ctenochasmatoidea;Ctenochasmatidae;Elanodactylus prolatus;Elanodactylus prolatus;Elanodactylus prolatus;Out_Elanodactylus_prolatus.jpg;NGMC 99-07-1;Mature;27.0;37.811;2.934;119.52;239.0;15.0;16.5;9.4;13.0;20.8;24.0;21.1;14.4;14.3;23.5;10.3;137.4;3462.7;151.2;3.7;92.3;4.0;58.0;52.0;2.1;2.3;1299.0;2452.3;34.6;65.4;3751.3;7502.600;7.6;0.90;39.11;124.122000;125.755000;124.9385;early Barremian ;Early Cretaceous;Flap-soaring ;Forested wetland environment;Lacustrine: large lake;Filter Feeder;Piscivore
Pterodactyloidea;Ctenochasmatoidea;Ctenochasmatidae;Forfexopterus jeholensis;Forfexopterus jeholensis;Forfexopterus jeholensis;Out_Forfexopterus_jeholensis.jpg;SDUST-V1003;Mature;20.4;28.800;2.417;111.12;222.2;11.8;19.2;8.6;14.7;19.3;21.4;17.5;13.4;11.0;17.8;7.4;124.9;2421.7;90.1;4.7;91.8;3.4;45.2;38.5;2.5;2.9;955.5;1681.2;36.2;63.8;2636.7;5273.416;9.4;0.85;45.83;118.900000;122.000000;120.45;latest Barremian–early Aptian ;Early Cretaceous;Flap-soaring ;Forested wetland environment;Lacustrine: large lake;Filter Feeder;Piscivore
Pterodactyloidea;Ctenochasmatoidea;Ctenochasmatidae;Gegepterus changi;Gegepterus changi;Gegepterus changi;Out_Gegepterus_changi.jpg;IVPP V 11981;Mature;9.8;9.900;0.097;33.20;66.4;2.7;6.2;2.6;4.7;6.7;6.3;4.6;4.1;3.5;6.4;4.0;10.9;289.0;12.1;3.5;92.6;3.9;17.6;14.9;1.9;2.2;115.7;196.3;37.1;62.9;312.0;624.000;7.1;0.85;15.58;124.122000;125.755000;124.9385;early Barremian ;Early Cretaceous;Burst-flapping;Forested wetland environment;Lacustrine: large lake;Filter Feeder;Piscivore
Pterodactyloidea;Ctenochasmatoidea;Ctenochasmatidae;Gladocephaloideus jingangshanensis;Gladocephaloideus jingangshanensis;Gladocephaloideus jingangshanensis;Out_Gladocephaloideus_jingangshanensis.jpg;JPM 2014–005;Mature;11.8;13.900;0.276;49.16;98.3;5.9;8.0;1.6;6.2;8.6;8.3;7.7;6.9;5.1;8.8;6.2;26.6;561.5;20.9;3.5;92.6;3.9;23.0;20.0;2.1;2.5;229.2;379.8;37.6;62.4;609.0;1217.992;7.9;0.87;22.68;124.122000;125.755000;124.9385;early Barremian ;Early Cretaceous;Burst-flapping;Forested wetland environment;Lacustrine: large lake;Filter Feeder;Piscivore
Pterodactyloidea;Ctenochasmatoidea;Ctenochasmatidae;Liaodactylus primus;Liaodactylus primus;Liaodactylus primus;Out_Liaodactylus_primus.jpg;PMOL-AP00031;Mature;7.4;10.3;0.085;31.5;63.0;3.6;5.4;2.4;4.8;6.9;5.7;4.4;3.3;3.9;6.4;2.8;10.2;254.2;19.3;3.6;89.6;6.8;16.5;14.2;1.9;2.2;90.2;193.5;31.8;68.2;283.7;567.400;7.0;0.86;14.90;154.800000;161.500000;158.15;Oxfordian ;Late Jurassic;Burst-flapping;Forested wetland environment;Lacustrine: small lake;Filter Feeder;Piscivore
Pterodactyloidea;Ctenochasmatoidea;Ctenochasmatidae;Cratonopterus huabei;Cratonopterus huabei;Cratonopterus huabei;Out_Cratonopterus_huabei.jpg;IVPP V 14395;Mature;10.5;14.5;0.199;43.5;87.0;5.2;7.7;3.3;5.2;7.6;8.5;7.7;4.9;5.5;9.0;3.9;22.2;488.3;31.2;4.1;90.1;5.8;23.3;20.4;1.9;2.1;186.2;355.5;34.4;65.6;541.7;1083.400;7.0;0.88;18.41;128.7;135.4;132.05;Valanginian to Hauterivian;Early Cretaceous;Burst-flapping;Forested wetland environment;Lacustrine: large lake;Filter Feeder;Piscivore
Pterodactyloidea;Ctenochasmatoidea;Ctenochasmatidae;Pterofiltrus qiui;Pterofiltrus qiui;Pterofiltrus qiui;Out_Pterofiltrus_qiui.jpg;IVPP V12339;Mature;11.7;16.3;0.283;49.6;99.2;5.6;8.6;3.8;7.6;10.9;9.0;7.0;5.2;6.2;10.1;4.4;24.1;590.7;39.2;3.7;90.3;6.0;24.6;22;2.0;2.3;206.0;448;31.5;68.5;654.0;1308.000;7.5;0.89;21.62;124.122000;125.755000;124.9385;early Barremian ;Early Cretaceous;Flap-glidding;Forested wetland environment;Lacustrine: large lake;Filter Feeder;Piscivore
Pterodactyloidea;Ctenochasmatoidea;Ctenochasmatidae;Cathayopterus grabaui;Cathayopterus grabaui;Cathayopterus grabaui;Out_Cathayopterus_grabaui.jpg;;Mature;15.7;21.8;0.649;67.8;135.6;7.6;11.5;5.0;10.2;14.6;12.1;9.4;7.0;8.3;13.5;5.9;50.5;1126;60;4.1;91.1;4.9;34.2;30;2.0;2.3;427.4;809.1;34.6;65.4;1236.5;2473.000;7.4;0.88;26.26;124.122000;125.755000;124.9385;early Barremian ;Early Cretaceous;Flap-glidding;Forested wetland environment;Lacustrine: large lake;Filter Feeder;Piscivore
Pterodactyloidea;Ctenochasmatoidea;Ctenochasmatidae;Gnathosaurus subulatus;Gnathosaurus subulatus;Gnathosaurus subulatus;Out_Gnathosaurus_subulatus.jpg;JME-SOS 4580;Mature;15.7;21.600;0.655;68.00;136.0;7.5;11.5;4.9;10.3;14.5;12.0;9.3;6.9;8.2;13.4;5.9;47.8;1107.9;48.1;4.0;92.0;4.0;33.1;28.4;2.1;2.4;438.4;765.4;36.4;63.6;1203.8;2407.600;7.7;0.86;27.19;143.100000;149.200000;146.15;Tithonian;Late Jurassic;Flap-glidding;Archipelago;Lagoonal deposit;Filter Feeder;Piscivore
Pterodactyloidea;Ctenochasmatoidea;Ctenochasmatidae;Lusognathus almadrava;Lusognathus almadrava;Lusognathus almadrava;Out_Lusognathus_almadrava.jpg;ML 2554;Mature;34.2;47.4;5.171;147.9;295.8;16.4;25.0;10.9;22.3;31.7;26.2;20.2;15.2;18.0;29.4;12.9;219.1;5326;226.2;3.8;92.3;3.9;73.9;64.3;2.0;2.3;2061.2;3710.1;35.7;64.3;5771.3;11542.600;7.6;0.87;44.80;147.100.000;152.000.000;149.55;upper Kimmeridgian-lower Tithonian;Late Jurassic;Flap-soaring ;Archipelago;Lagoonal deposit;Filter Feeder;Piscivore
Pterodactyloidea;Ctenochasmatoidea;Ctenochasmatidae;Garudapterus buffetauti;Garudapterus buffetauti;Garudapterus buffetauti;Out_Garudapterus_buffetauti.jpg;PRC 185;Mature;39.3;54.4;7.513;170.2;340.4;18.9;28.8;12.5;25.6;36.5;30.1;23.3;17.5;20.6;33.8;14.8;299.3;7019.4;291.6;3.9;92.2;3.8;85.1;73.4;2.0;2.3;2707.3;4903;35.6;64.4;7610.3;15220.600;7.6;0.86;49.36;121.4;132.600000;127.000;Hauterivian-Barremian;Early Cretaceous;Flap-soaring ;Floodplain;Fluviodeltaic;Filter Feeder;Piscivore
Pterodactyloidea;Ctenochasmatoidea;Ctenochasmatidae;Plataleorhynchus streptophorodon;Plataleorhynchus streptophorodon;Plataleorhynchus streptophorodon;Out_Plataleorhynchus_streptophorodon.jpg;BMNH R.11957;Mature;22.4;31.1;1.679;96.9;193.8;10.8;16.4;7.2;14.6;20.8;17.2;13.3;10.0;11.8;19.3;8.4;99.7;2267.1;105.6;4.0;91.7;4.3;48.4;41.7;2.0;2.3;864.6;1607.8;35.0;65.0;2472.4;4944.800;7.6;0.86;33.96;137.05;149.2;143.125;Tithonian–Berriasian;Early Cretaceous;Flap-soaring ;Archipelago;Coastal/Shallow marine;Filter Feeder;Piscivore
Pterodactyloidea;Ctenochasmatoidea;Ctenochasmatidae;Tacuadactylus luciae;Tacuadactylus luciae;Tacuadactylus luciae;Out_Tacuadactylus_luciae.jpg;FC-DPV 2869;Mature;21.9;30.4;1.580;94.7;189.4;10.5;16.1;7.0;14.3;20.4;16.8;13.0;9.8;11.5;18.9;8.3;95.2;2196.1;103.4;4.0;91.7;4.3;48.1;41.6;2.0;2.3;830.4;1564.3;34.7;65.3;2394.7;4789.400;7.5;0.86;32.98;145;152.100000;148.550;upper Kimmeridgian-lower Tithonian;Late Jurassic;Flap-soaring ;Coastal environment;Coastal/Shallow marine;Filter Feeder;Piscivore
Pterodactyloidea;Ctenochasmatoidea;Ctenochasmatidae;Huanhepterus quingyangensis;Huanhepterus quingyangensis;Huanhepterus quingyangensis;Out_Huanhepterus_quingyangensis.jpg; IVPP V9070;Mature;39.4;52.000;5.174;147.92;295.8;16.2;31.6;10.8;19.7;27.3;23.9;18.5;18.1;16.4;35.6;13.3;287.4;6029.2;264.8;4.4;91.6;4.0;84.7;68.8;1.7;2.2;2846.0;3735.4;43.2;56.8;6581.4;13162.830;6.6;0.81;39.30;125.770000;132.600000;129.185;Hauterivian;Late Jurassic;Flap-soaring ;Forested wetland environment;Lacustrine: large lake;Piscivore;Carnivore
Pterodactyloidea;Ctenochasmatoidea;Ardeadactylidae;Ardeadactylus longicollum;Ardeadactylus longicollum;Ardeadactylus longicollum;Out_Ardeadactylus_longicollum.jpg;Painten (Langbein);Mature;13.2;24.900;0.645;67.62;135.2;7.3;10.3;3.6;13.7;16.1;9.4;5.7;4.5;9.5;15.4;3.0;48;1299;45;3.4;93.3;3.3;38.4;33.8;1.8;2.0;476.5;916;34.2;65.8;1392.5;2785.036;6.6;0.88;23.16;157.300000;152.100000;154.7;Kimmeridgian;Late Jurassic;Flap-glidding;Archipelago;Lagoonal deposit;Piscivore;Carnivore
Pterodactyloidea;Ctenochasmatoidea;Ardeadactylidae;Balaenognathus maeuseri;Balaenognathus maeuseri;Balaenognathus maeuseri;Out_Balaenognathus_maeuseri.jpg;NKMB P2011-633;Mature;13.8;19.000;0.479;60.49;121.0;6.2;9.4;2.3;9.5;13;9.9;7.8;6.7;7.4;11.6;4.6;35.1;889.9;46.7;3.6;91.6;4.8;30.2;26.2;2.0;2.3;342.1;629.6;35.2;64.8;971.7;1943.405;7.5;0.87;24.67;157.300000;152.100000;154.7;Kimmeridgian;Late Jurassic;Flap-soaring ;Archipelago;Lagoonal deposit;Filter Feeder;Piscivore
Pterodactyloidea;Ctenochasmatoidea;Ardeadactylidae;Aurorazhdarcho micronyx;Aurorazhdarcho micronyx;Aurorazhdarcho micronyx;Out_Aurorazhdarcho_micronyx.jpg; NHMUK PV OR 42737;Mature;14.2;23.200;0.387;55.79;111.6;7.7;10.2;4.9;11.6;10.7;8.4;5.6;5.3;9.1;14.1;4.3;45.5;911.3;53.3;4.5;90.2;5.3;41.0;34.8;1.4;1.6;278.3;731.7;27.6;72.4;1010.0;2020.049;6.2;0.85;19.14;147.100000;149.200000;148.15;Tithonian;Late Jurassic;Burst-flapping;Archipelago;Lagoonal deposit;Piscivore;Carnivore
Pterodactyloidea;Ctenochasmatoidea;Lonchodectidae;Feilongus youngi;Feilongus youngi;Feilongus youngi;Out_Feilongus_youngi.jpg;IVPP V-12539;Mature;22.5;39.100;2.551;113.40;226.8;11.1;17.4;6.1;22.5;26.0;18.2;11.2;4.9;15.7;23.4;5.4;127;3477;94;3.4;94.0;2.6;63.0;53.6;1.8;2.1;1263.6;2435;34.2;65.8;3698.6;7397.266;7.0;0.85;34.49;124.122000;125.755000;124.9385;early Barremian ;Early Cretaceous;Flap-soaring ;Forested wetland environment;Lacustrine: large lake;Piscivore;Carnivore
Pterodactyloidea;Ctenochasmatoidea;Lonchodectidae;Moganopterus zhuiana;Moganopterus zhuiana;Moganopterus zhuiana;Out_Moganopterus_zhuiana.jpg;41HIII0419;Mature;38.8;54.265;7.983;174.12;348.2;19.0;28.6;12.8;26.1;35.6;30.1;23.5;18.4;20.5;33.7;14.8;311.3;7931.8;329.6;3.6;92.5;3.8;93.1;80.3;1.9;2.2;3180.7;5392.0;37.1;62.9;8572.7;17145.337;7.1;0.86;46.56;124.122000;125.755000;124.9385;early Barremian ;Early Cretaceous;Flap-soaring ;Forested wetland environment;Lacustrine: large lake;Piscivore;Carnivore
Pterodactyloidea;Dsungaripteroidea;Germanodactyloidea;Germanodactylus cristatus;Germanodactylus cristatus;Germanodactylus cristatus;Out_Germanodactylus_cristatus .jpg;SMNK PAL 6592 counterslab cast;Mature;9.5;16.500;0.341;53.24;106.5;7.6;9.5;2.8;7.4;10.1;9.2;7.6;6.3;6.8;9.7;2.9;31;584;20;4.9;92.0;3.2;23.6;20.6;2.3;2.6;218.8;416;34.5;65.5;635.1;1270.194;8.9;0.87;26.88;147.100000;149.200000;148.15;Tithonian;Late Jurassic;Flap-glidding;Archipelago;Lagoonal deposit;Piscivore;Durophageous
Pterodactyloidea;Dsungaripteroidea;Germanodactyloidea;Tendaguripterus recki;Tendaguripterus recki;Tendaguripterus recki;Out_Tendaguripterus_recki.jpg;MB.R.1290;Mature;17.2;26.567;0.296;50.44;100.9;9.7;13.3;5.2;14.8;18.4;13.6;11.5;8.1;10.1;16.5;6.4;25.6;572.0;27.1;4.1;91.6;4.3;23.3;20.2;2.2;2.5;223.3;401.3;35.8;64.2;624.6;1249.252;8.1;0.87;23.67;151.000000;152.000000;151.5;Kimmeridgian;Late Jurassic;Flap-glidding;Semi-arid floodplain;Alluvial plain ;Carnivore;Durophageous
Pterodactyloidea;Dsungaripteroidea;Germanodactyloidea;Altmuehlopterus rhamphastinus;Germanodactylus rhamphastinus;Germanodactylus rhamphastinus;Out_Germanodactylus_rhamphastinus.jpg;BSP AS I 745, BSP AS I 745a;Mature;10.6;15.900;0.354;53.96;107.9;6.4;10;3.2;7;9;8.0;7.2;6;6.7;9.2;2.6;41;709;21;5.3;92.0;2.7;26.2;22.2;2.1;2.4;321.4;449;41.7;58.3;770.4;1540.846;7.6;0.85;22.96;147.100000;149.200000;148.15;Tithonian;Late Jurassic;Flap-glidding;Archipelago;Lagoonal deposit;Piscivore;Durophageous
Pterodactyloidea;Dsungaripteroidea;Dsungaripteridae;Noripterus complicidens;Noripterus complicidens;Noripterus complicidens;Out_Noripterus_complicidens.jpg;IVPP V.4062;Mature;15.8;33.400;1.735;98.10;196.2;8.4;11.9;6.6;16.1;18.2;16.8;13.0;9.8;10.6;18.1;5.1;66.6;2114.6;111.0;2.9;92.3;4.8;43.2;40;2.3;2.5;647.9;1644.3;28.3;71.7;2292.2;4584.400;8.4;0.93;37.85;132.600000;145.000000;138.8;Valangian;Early Cretaceous;Flap-soaring ;Coastal environment;Coastal/Shallow marine;Durophageous;Piscivore
Pterodactyloidea;Dsungaripteroidea;Dsungaripteridae;Dsungaripterus weii;Dsungaripterus weii;Dsungaripterus weii;Out_Dsungaripterus_weii.jpg;IVPP V-2776;Mature;30.5;54.000;6.438;160.60;321.2;16.8;22.4;11.7;32.4;38.8;25.7;20.7;12.4;17.8;36.2;10.2;209.5;5971.0;274.9;3.2;92.5;4.3;76.2;67.5;2.1;2.4;2094.4;4361.0;32.4;67.6;6455.4;12910.800;8.0;0.89;49.87;132.600000;145.000000;138.8;Valangian;Early Cretaceous;Medium soaring;Coastal environment;Coastal/Shallow marine;Durophageous;Piscivore
Pterodactyloidea;Dsungaripteroidea;Dsungaripteridae;Lonchognathosaurus acutirostris;Lonchognathosaurus acutirostris;Lonchognathosaurus acutirostris;Out_Lonchognathosaurus_acutirostris.jpg;SGP 2001/19;Mature;26.8;49.600;5.436;150.70;301.4;15.1;20.6;11.0;29.1;34.2;25.5;20.2;13.3;17.0;32.6;9.2;170.6;5097.6;241.0;3.1;92.5;4.4;69.7;61.8;2.2;2.4;1710.0;3799.2;31.0;69.0;5509.2;11018.400;8.2;0.89;49.33;132.600000;145.000000;138.8;Valangian;Early Cretaceous;Medium soaring;Coastal environment;Coastal/Shallow marine;Durophageous;Piscivore
Pterodactyloidea;Dsungaripteroidea;Dsungaripteridae;Domeykodactylus ceciliae;Domeykodactylus ceciliae;Domeykodactylus ceciliae;Out_Domeykodactylus_ceciliae.jpg; DCGUCN 250973;Mature;21.5;39.700;2.939;119.60;239.2;12.1;16.5;8.8;23.3;27.4;20.4;16.2;10.7;13.6;26.1;7.3;112.8;3215.0;158.2;3.2;92.2;4.5;55.7;49.6;2.1;2.4;1057.5;2428.5;30.3;69.7;3486.0;6972.000;8.2;0.89;42.16;113.000000;143.100000;128.05;Hauterivian;Early Cretaceous;Medium soaring;Coastal environment;Coastal/Shallow marine;Durophageous;Piscivore
Pterodactyloidea;Dsungaripteroidea;Dsungaripteridae;Puntanipterus globosus;Puntanipterus globosus;Puntanipterus globosus;Out_Puntanipterus_globosus.jpg;PVL 3869;Mature;8.6;16;0.25;47.7;95.4;4.9;6.6;3.5;9.4;11.0;8.2;6.5;4.3;5.5;10.5;3.0;18.7;513.2;27.8;3.3;91.7;5.0;22;19.6;2.2;2.4;170.7;389;30.5;69.5;559.7;1119.400;8.1;0.89;22.77;113.000000;121.400000;117.2;Aptian;Early Cretaceous;Flap-glidding;Coastal environment;Coastal/Shallow marine;Durophageous;Piscivore
Pterodactyloidea;Dsungaripteroidea;Dsungaripteridae;Noripterus parvus;Noripterus parvus;Noripterus parvus;Out_Noripterus_parvus.jpg;;Mature;21;32.6;1.47;92.2;184.4;11.0;14.7;8.7;13.9;20.1;16.4;12.4;9.7;12.7;19.9;8.2;93.6;2160;105.3;4.0;91.6;4.5;48.7;42.7;1.9;2.2;809.0;1549.9;34.3;65.7;2358.9;4717.800;7.2;0.88;31.18;132.600000;145.000000;138.8;Valangian;Early Cretaceous;Flap-soaring ;Coastal environment;Coastal/Shallow marine;Durophageous;Piscivore
Pterodactyloidea;Azhdarchoidea;Chaoyangopteridae;Shenzhoupterus chaoyangensis;Shenzhoupterus chaoyangensis;Shenzhoupterus chaoyangensis;Out_Shenzhoupterus_chaoyangensis.jpg;HGM 41HIII-305A;Mature;10;24.100;0.530;62.80;125.6;6.6;10.5;14.0;14.7;14.7;10;6.8;3.6;10.2;13.9;3.9;37;974;51.0;3.5;91.7;4.8;32.4;28.2;1.9;2.2;366.9;704;34.3;65.7;1070.4;2140.753;7.4;0.87;24.75;118.900000;122.000000;120.45;latest Barremian–early Aptian ;Early Cretaceous;Flap-glidding;Forested wetland environment;Lacustrine: large lake;Generalist;Piscivore
Pterodactyloidea;Azhdarchoidea;Chaoyangopteridae;Chaoyangopterus zhangi;Chaoyangopterus zhangi;Chaoyangopterus zhangi;Out_Chaoyangopterus_zhangi.jpg;DERC-Z0001;Mature;19;24.500;1.421;91.01;182.0;10.5;14.6;17.8;22.5;22.5;14.9;9.7;6.6;11;13.5;4.6;83;1742;69;4.4;92.0;3.7;39.7;34.9;2.3;2.6;856.9;1081;44.2;55.8;1937.9;3875.870;8.5;0.88;36.66;118.900000;122.000000;120.45;latest Barremian–early Aptian ;Early Cretaceous;Flap-soaring ;Forested wetland environment;Lacustrine: large lake;Generalist;Piscivore
Pterodactyloidea;Azhdarchoidea;Chaoyangopteridae;Meilifeilong youhao;Meilifeilong youhao;Meilifeilong youhao;Out_Meilifeilong_youhao.jpg;IVPP V 16059;Mature;20.6;38.310;1.635;95.93;191.9;11.8;18.4;9.4;21.3;21.1;15.4;8.5;5.2;15.01;23.3;9.3;121.6;2496.2;140.7;4.4;90.5;5.1;55.0;46.1;1.7;2.1;1277.2;1670.9;43.3;56.7;2948.1;5896.271;6.2;0.84;27.73;118.900000;122.000000;120.45;latest Barremian–early Aptian ;Early Cretaceous;Flap-glidding;Forested wetland environment;Lacustrine: large lake;Generalist;Piscivore
Pterodactyloidea;Azhdarchoidea;Chaoyangopteridae;Microtuban altivolans;Microtuban altivolans;Microtuban altivolans;Out_Microtuban_altivolans.jpg;SMNK PAL 6595;Mature;10.4;17.000;0.402;56.60;113.2;7.3;9.2;3.8;12.2;13.5;11.5;6.4;0.4;7.0;10.0;3.7;34.5;664.1;32.0;4.7;90.9;4.4;23.9;21.0;2.4;2.7;243.9;483.2;33.5;66.5;727.1;1454.200;8.8;0.88;27.63;97.200000;100.500000;98.85;Cenomanian;Early Cretaceous;Flap-glidding;Coastal environment;Coastal/Shallow marine;Generalist;Piscivore
Pterodactyloidea;Azhdarchoidea;Chaoyangopteridae;Lacusovagus magnificens;Lacusovagus magnificens;Lacusovagus magnificens;Out_Lacusovagus_magnificens.jpg;SMNK PAL 4325;Mature;52.6;73.702;14.854;219.91;439.8;29.4;43.9;33.9;55.6;57.9;41.8;25.3;14.5;35.3;50.0;18.8;541.1;11491.6;554.0;4.3;91.3;4.4;110.6;94.1;2.0;2.3;4090.7;7980.4;33.9;66.1;12071.2;24142.348;8.0;0.85;61.53;113.000000;121.400000;117.2;Albian;Early Cretaceous;Medium soaring;Floodplain;Fluviodeltaic;Generalist;Piscivore
Pterodactyloidea;Azhdarchoidea;Chaoyangopteridae;Jidapterus edentus;Jidapterus edentus;Jidapterus edentus;Out_Jidapterus_edentus.jpg;RCPS-030366CY;Mature;19.4;25.100;1.169;84.57;169.1;8;12.9;7.1;14.9;17.9;12.3;7.7;4;10.1;15;6.8;79.2;1928.5;77.7;3.8;92.5;3.7;46.7;39.8;1.8;2.1;755.8;1291.4;36.9;63.1;2047.2;4094.326;7.0;0.85;28.56;118.900000;122.000000;120.45;Barremian;Early Cretaceous;Flap-soaring ;Forested wetland environment;Lacustrine: large lake;Generalist;Piscivore
Pterodactyloidea;Azhdarchoidea;Chaoyangopteridae;Apatorhamphus gyrostega;Apatorhamphus gyrostega;Apatorhamphus gyrostega;Out_Apatorhamphus_gyrostega.jpg;FSAC-KK 5010;Mature;34.8;56.4;7.019;165.9;331.8;19.4;29.0;22.4;36.8;38.3;27.6;16.8;9.6;23.3;33.1;12.4;297.8;6583.5;319.7;4.1;91.4;4.4;83;71.9;2.0;2.3;2315.0;4654.8;33.2;66.8;6969.8;13939.600;7.9;0.87;50.35;93.900000;100.500000;97.2;Cenomanian;Late Cretaceous;Medium soaring;Floodplain;Fluviodeltaic;Generalist;Piscivore
Pterodactyloidea;Azhdarchoidea;Chaoyangopteridae;Eoazhdarcho liaoxiensis;Eoazhdarcho liaoxiensis;Eoazhdarcho liaoxiensis;Out_Eoazhdarcho_liaoxiensis.jpg;GMN-03-11-02;Mature;23.0;30.690;1.101;82.67;165.3;9.9;14.4;7.7;14.7;17.7;13.9;9.9;6.1;13.1;17.6;5.0;83.1;1869.3;96.0;4.1;91.3;4.7;47.6;40.1;1.7;2.1;899.7;1275.1;41.4;58.6;2174.8;4349.671;6.3;0.84;25.31;118.900000;122.000000;120.45;latest Barremian–early Aptian ;Early Cretaceous;Flap-glidding;Forested wetland environment;Lacustrine: large lake;Generalist;Piscivore
Pterodactyloidea;Azhdarchoidea;Chaoyangopteridae;Meilifeilong sanyainus;Meilifeilong sanyainus;Meilifeilong sanyainus;Out_Meilifeilong_sanyainus.jpg;DB0233;Mature;21.2;36.5;1.661;96.5;193.0;11.4;16.3;13.7;21.7;23.3;16.8;10.2;5.8;15;21.5;7.6;98.5;2364.1;166;3.7;89.9;6.3;51.4;45.8;1.9;2.1;935.4;1765.3;34.6;65.4;2700.7;5401.400;6.9;0.89;30.75;118.900000;122.000000;120.45;latest Barremian–early Aptian ;Early Cretaceous;Flap-soaring ;Forested wetland environment;Lacustrine: large lake;Generalist;Piscivore
Pterodactyloidea;Azhdarchoidea;Chaoyangopteridae;Keresdrakon vilsoni;Keresdrakon vilsoni;Keresdrakon vilsoni;Out_Keresdrakon_vilsoni.jpg;CP.V 2069;Mature;39;62.100;6.952;165.30;330.6;17.3;22.4;21;40;36.7;29;18;10;26;36;13;216.3;7064.5;402.8;2.8;91.9;5.2;87.2;80.3;1.9;2.1;2228.0;5352.1;29.4;70.6;7580.1;15160.200;7.2;0.92;45.86;100.500000;121.400000;110.95;Albian;Early Cretaceous;Medium soaring;Coastal environment;Coastal/Shallow marine;Generalist;Piscivore
Pterodactyloidea;Azhdarchoidea;Chaoyangopteridae;Inabtanin alarabia;Inabtanin alarabia;Inabtanin alarabia;Out_Inabtanin_alarabia.jpg; YUPC-INAB-6-001–010;Mature;68.4;109.700;44.470;332.10;664.2;32.4;52.3;22.6;76.6;91.6;44.5;27.8;17.4;45.4;64.2;23.4;963.9;25976.8;1156.2;3.4;92.5;4.1;163.6;140.5;2.0;2.4;9004.7;18147.0;33.2;66.8;27151.7;54303.400;8.1;0.86;81.89;66.000000;72.000000;69;Maastrichtian;Late Cretaceous;Medium soaring;Semi-arid floodplain;Playa;Generalist;Piscivore
Pterodactyloidea;Azhdarchoidea;Tapejaridae;Caiuajara dobruskii;Caiuajara dobruskii;Caiuajara dobruskii;Out_Caiuajara_dobruskii.jpg;CP.V 1449;Mature;17.6;29.900;1.265;87.10;174.2;9.9;14.1;4.6;15.7;21.3;16.4;9.9;5.5;12.2;17.7;6.6;76.0;1801.0;97.3;3.8;91.2;4.9;43.0;37.2;2.0;2.3;680.3;1294.0;34.5;65.5;1974.3;3948.600;7.7;0.87;32.03;100.500000;121.400000;110.95;Albian;Early Cretaceous;Flap-soaring ;Semi-arid floodplain;Playa;Herbivore;Durophageous
Pterodactyloidea;Azhdarchoidea;Tapejaridae;Tapejara wellnhoferi;Tapejara wellnhoferi;Tapejara wellnhoferi;Out_Tapejara_wellnhoferi.jpg;SMNK 1137;Mature;15.6;22.000;0.756;71.80;143.6;9.6;10.4;4.9;10;16.2;14.9;11.9;5;9.5;12.5;5.9;54.9;1191.5;54.2;4.2;91.6;4.2;33.2;29.7;2.2;2.4;438.9;861.7;33.7;66.3;1300.6;2601.200;7.9;0.89;29.08;113.000000;121.400000;117.2;Albian;Early Cretaceous;Flap-soaring ;Floodplain;Alluvial plain ;Herbivore;Durophageous
Pterodactyloidea;Azhdarchoidea;Tapejaridae;Wightia declivirostris;Wightia declivirostris;Wightia declivirostris;Out_Wightia_declivirostris.jpg;IWCSM. 2020. 401;Mature;11.6;17.100;0.401;56.55;113.1;5.9;9.2;5.1;11.9;14.8;9.2;6.2;1.7;6.4;10.7;4.7;32.1;723.6;33.3;4.1;91.7;4.2;22.7;22.7;2.5;2.5;280.7;508.3;35.6;64.4;789.0;1577.950;8.1;1.00;25.40;121.400000;125.770000;123.585;Barremian;Early Cretaceous;Flap-glidding;Floodplain;Alluvial plain ;Herbivore;Durophageous
Pterodactyloidea;Azhdarchoidea;Tapejaridae;Nemicolopterus crypticus;Nemicolopterus crypticus;Nemicolopterus crypticus;Out_Nemicolopterus_crypticus.jpg;IVPP V-14377;Immature;2.4;2.900;0.007;12.16;24.3;1.6;2.2;1.0;1.6;2.4;2.1;1.8;1.2;1.2;1.8;0.9;2.0;28.6;1.0;6.3;90.5;3.1;4.8;4.1;2.5;3.0;12.7;18.9;40.3;59.7;31.6;63.169;9.4;0.85;10.64;118.900000;122.000000;120.45;latest Barremian–early Aptian ;Early Cretaceous;Burst-flapping;Forested wetland environment;Lacustrine: large lake;Herbivore;Durophageous
Pterodactyloidea;Azhdarchoidea;Tapejaridae;Europejara olcadesorum;Europejara olcadesorum;Europejara olcadesorum;Out_Europejara_olcadesorum.jpg;MCCM-LH 9413;Mature;21.7;36.531;1.979;103.07;206.1;11.0;17.4;8.7;20.5;24.8;17.1;11.8;5.1;14.8;21.7;8.8;115.5;2624.3;136.9;4.0;91.2;4.8;53.5;46.5;1.9;2.2;1032.9;1843.8;35.9;64.1;2876.7;5753.350;7.4;0.87;34.40;121.400000;125.770000;123.585;Barremian;Early Cretaceous;Flap-soaring ;Floodplain;Lacustrine: large lake;Herbivore;Durophageous
Pterodactyloidea;Azhdarchoidea;Tapejaridae;Torukjara bandeirae;Torukjara bandeirae;Torukjara bandeirae;Out_Torukjara_bandeirae.jpg;CP.V 8175;Mature;14.6;24.900;0.707;70.00;140.0;8.2;11.7;5.6;13.2;17.7;12.2;8.2;3.5;10.1;14.8;5.5;54.0;1188.6;70.3;4.1;90.5;5.4;35.5;30.6;2.0;2.3;468.2;844.7;35.7;64.3;1312.9;2625.800;7.5;0.86;26.93;100.500000;121.400000;110.95;Albian;Early Cretaceous;Flap-glidding;Semi_arid floodplain;Playa;Herbivore;Durophageous
Pterodactyloidea;Azhdarchoidea;Tapejaridae;Sinopterus dongi;Sinopterus dongi;Sinopterus dongi;Out_Sinopterus_dongi.jpg;BPMC 107;Mature;21.6;34.900;1.722;97.82;195.6;5.9;8.8;3.4;9.5;12.1;8.8;6.3;3.2;7.4;10.4;2.05;111.6;2441.0;119.2;4.2;91.4;4.5;52.3;43.8;1.9;2.2;1043.7;1628.1;39.1;60.9;2671.7;5343.493;7.2;0.84;32.22;118.900000;122.000000;120.45;latest Barremian–early Aptian ;Early Cretaceous;Flap-soaring ;Forested wetland environment;Lacustrine: large lake;Herbivore;Durophageous
Pterodactyloidea;Azhdarchoidea;Tapejaridae;Huaxidraco corollatus;Huaxidraco corollatus;Huaxidraco corollatus;Out_Huaxidraco_corollatus.jpg;ZMNH M813;Mature;20.3;34.100;1.740;98.21;196.4;11.3;15.7;6.1;18.3;22.2;17.5;11.5;4.4;13.7;20;7.2;102.8;2405.4;110.0;3.9;91.9;4.2;51.2;44.1;1.9;2.2;940.8;1677.4;35.9;64.1;2618.2;5236.396;7.4;0.86;33.23;118.900000;122.000000;120.45;latest Barremian–early Aptian ;Early Cretaceous;Flap-soaring ;Forested wetland environment;Lacustrine: large lake;Herbivore;Durophageous
Pterodactyloidea;Azhdarchoidea;Tapejaridae;Tupandactylus navigans;Tupandactylus navigans;Tupandactylus navigans;Out_Tupandactylus_navigans.jpg;GP/2E 9266;Mature;21.2;41.410;2.369;110.29;220.6;12.6;18.6;8.19;18.4;31.8;19.3;12.3;3.9;16.8;24.6;4.7;132;3061;169;3.9;91.0;5.0;58.3;51.4;1.9;2.1;1140.9;2221;33.9;66.1;3362.3;6724.604;7.2;0.88;35.23;113.000000;121.400000;117.2;Albian;Early Cretaceous;Flap-soaring ;Floodplain;Fluviodeltaic;Herbivore;Durophageous
Pterodactyloidea;Azhdarchoidea;Tapejaridae;Tupandactylus imperator;Tupandactylus imperator;Tupandactylus imperator;Out_Tupandactylus_imperator.jpg; MCT 1622;Mature;31.3;66.170;8.148;175.47;350.9;15.6;22.3;9.4;23.5;35.6;23.6;14.9;5.7;20.2;30.7;15.1;339.4;8230.1;431.6;3.8;91.4;4.8;98.5;86.2;1.8;2.0;3180.4;5820.8;35.3;64.7;9001.2;18002.309;6.8;0.88;45.26;113.000000;121.400000;117.2;Albian;Early Cretaceous;Medium soaring;Floodplain;Fluviodeltaic;Herbivore;Durophageous
Pterodactyloidea;Azhdarchoidea;Tapejaridae;Eopteranodon lii;Eopteranodon lii;Eopteranodon lii;Out_Eopteranodon_lii.jpg;BPV-078;Mature;11.7;18.500;0.498;61.35;122.7;6.5;10;6.8;13.3;13.2;9.8;6.9;4.6;7.9;10.6;4.5;37.5;821.7;34.4;4.2;92.0;3.9;27.7;24.0;2.2;2.6;311.7;581.9;34.9;65.1;893.6;1787.283;8.4;0.87;27.86;124.122000;125.755000;124.9385;early Barremian ;Early Cretaceous;Flap-soaring ;Forested wetland environment;Lacustrine: large lake;Herbivore;Durophageous
Pterodactyloidea;Azhdarchoidea;Tapejaridae;Caupedactylus ybaka;Caupedactylus ybaka;Caupedactylus ybaka;Out_Caupedactylus_ybaka.jpg;MN 4726-V;Mature;31.0;52.700;5.227;148.50;297.0;17.5;24.8;11.8;28.3;37.5;25.8;17.4;7.2;21.5;31.3;11.6;234.2;5346.5;276.5;4.0;91.3;4.7;75.4;65.2;2.0;2.3;2085.8;3771.4;35.6;64.4;5857.2;11714.400;7.5;0.86;44.62;113.000000;121.400000;117.2;Albian;Early Cretaceous;Flap-soaring ;Floodplain;Fluviodeltaic;Herbivore;Durophageous
Pterodactyloidea;Azhdarchoidea;Tapejaridae;Afrotapejara zouhrii;Afrotapejara zouhrii;Afrotapejara zouhrii;Out_Afrotapejara_zouhrii.jpg;FSAC-KK 5004;Mature;33.9;57.600;6.752;163.50;327.0;19.0;27.1;12.9;30.5;41.0;28.2;19.1;8.0;23.5;34.2;12.7;286.8;6458.2;319.0;4.1;91.4;4.5;83.0;71.1;2.0;2.3;2548.5;4515.5;36.1;63.9;7064.0;14128.000;7.6;0.86;47.79;93.900000;100.500000;97.2;Cenomanian;Late Cretaceous;Medium soaring;Floodplain;Fluviodeltaic;Herbivore;Durophageous
Pterodactyloidea;Azhdarchoidea;Tapejaridae;Aymberedactylus cearensis;Aymberedactylus cearensis;Aymberedactylus cearensis;Out_Aymberedactylus_cearensis.jpg;MN 7596-V;Mature;25.2;42.900;3.065;121.50;243.0;14.2;20.2;9.6;22.7;30.5;21.0;14.2;6.0;17.4;25.4;9.5;157.9;3556.6;185.6;4.0;91.2;4.8;61.4;52.8;2.0;2.3;1397.6;2502.5;35.8;64.2;3900.1;7800.200;7.6;0.86;39.30;113.000000;121.400000;117.2;Albian;Early Cretaceous;Flap-soaring ;Floodplain;Fluviodeltaic;Herbivore;Durophageous
Pterodactyloidea;Azhdarchoidea;Tapejaridae;Vectidraco daisymorrisae;Vectidraco daisymorrisae;Vectidraco daisymorrisae;Out_Vectidraco_daisymorrisae.jpg;NHMUK PV R36621;Mature;10.7;19.200;0.331;52.60;105.2;6.0;9.1;4.4;10.6;13.3;9.0;6.1;2.6;7.8;11.4;4.2;29.6;678.6;48.1;3.9;89.7;6.4;27.0;24.1;1.9;2.2;244.9;511.4;32.4;67.6;756.3;1512.600;7.3;0.89;21.86;121.400000;125.770000;123.585;Barremian;Early Cretaceous;Flap-glidding;Floodplain;Fluviodeltaic;Herbivore;Durophageous
Pterodactyloidea;Azhdarchoidea;Thalassodromeidae;Tupuxuara leonardii;Tupuxuara leonardii;Tupuxuara leonardii;Out_Tupuxuara_leonardii.jpg;IMCF 1052;Mature;31.9;69.600;7.420;169.40;338.8;23.4;29.1;5.3;35.9;42.3;24.0;16.8;8.5;29.8;39.8;9.0;359.9;7246.0;496.0;4.4;89.4;6.1;91.2;77.9;1.9;2.2;3166.6;4935.3;39.1;60.9;8101.9;16203.800;7.1;0.85;45.79;113.000000;121.400000;117.2;Albian;Early Cretaceous;Flap-soaring ;Floodplain;Fluviodeltaic;Carnivore;Generalist
Pterodactyloidea;Azhdarchoidea;Thalassodromeidae;Thalassodromeus sehti;Thalassodromeus sehti;Thalassodromeus sehti;Out_Thalassodromeus_sehti.jpg;DGM 1476-R;Mature;59.4;102.300;15.197;221.80;443.6;37.3;51.6;15.5;57.4;71.7;45.2;31.0;17.8;42.8;59.4;18.4;597.2;11635.7;617.0;4.6;90.6;4.8;110.8;94.2;2.0;2.4;4917.9;7932.0;38.3;61.7;12849.9;25699.800;7.7;0.85;59.13;113.000000;115.000000;114;Albian;Early Cretaceous;Medium soaring;Floodplain;Fluviodeltaic;Carnivore;Generalist
Pterodactyloidea;Azhdarchoidea;Thalassodromeidae;Thalassodromeus oberlii;Thalassodromeus oberlii;Thalassodromeus oberlii;Out_Thalassodromeus_oberlii.jpg;;Mature;38.9;62.3;9.099;182.9;365.8;21.1;31.2;23.9;39.5;41.9;30.3;18.7;10.3;25.8;36.5;13.3;361.5;7972.1;395.2;4.1;91.3;4.5;91.2;77.7;2.0;2.4;3284.3;5444.5;37.6;62.4;8728.8;17457.600;7.7;0.85;52.12;113.000000;121.400000;117.2;Albian;Early Cretaceous;Medium soaring;Floodplain;Fluviodeltaic;Carnivore;Generalist
Pterodactyloidea;Azhdarchoidea;Thalassodromeidae;Tupuxuara longicristatus;Tupuxuara longicristatus;Tupuxuara longicristatus;Out_Tupuxuara_longicristatus.jpg;SMNK PAL 3858;Mature;51.8;66.7;18.578;239.2;478.4;27.6;43.1;16.3;39.5;56.2;39.8;26.9;17.3;26.9;39.8;17.1;650.1;12355.6;453.6;4.8;91.8;3.4;105.5;88.2;2.3;2.7;5554.8;7904.5;41.3;58.7;13459.3;26918.600;8.5;0.84;69.01;113.000000;115.000000;114;Albian;Early Cretaceous;Medium soaring;Floodplain;Fluviodeltaic;Carnivore;Generalist
Pterodactyloidea;Azhdarchoidea;Azhdarchidae;Azhdarcho lancicollis;Azhdarcho lancicollis;Azhdarcho lancicollis;Out_Azhdarcho_lancicollis.jpg;__________ 1/11915;Mature;33.9;63.500;5.474;151.10;302.2;17.0;27.4;13.5;36.8;39.9;23.0;13.3;5.1;26.3;37.2;13.1;258.2;6281.6;438.6;3.7;90.0;6.3;78.7;76.4;1.9;2.0;2488.8;4489.6;35.7;64.3;6978.4;13956.800;6.5;0.97;39.22;88.100000;92.000000;90.05;Turonian;Late Cretaceous;Flap-soaring ;Floodplain;Fluviodeltaic;Carnivore;Generalist
Pterodactyloidea;Azhdarchoidea;Azhdarchidae;Aralazhdarcho bostobensis;Aralazhdarcho bostobensis;Aralazhdarcho bostobensis;Out_Aralazhdarcho_bostobensis.jpg;ZIN PH, n° 9/43;Mature;34.3;64.400;5.455;150.90;301.8;17.3;27.7;13.7;36.0;39.7;23.2;13.4;5.1;26.7;37.7;13.3;254.3;6342.9;443.4;3.6;90.1;6.3;78.9;77.6;1.9;1.9;2519.3;4521.3;35.8;64.2;7040.6;14081.200;6.5;0.98;38.74;83.600000;86.300000;84.95;Santonian;Late Cretaceous;Flap-soaring ;Floodplain;Fluviodeltaic;Carnivore;Generalist
Pterodactyloidea;Azhdarchoidea;Azhdarchidae;Mistralazhdarcho maggii;Mistralazhdarcho maggii;Mistralazhdarcho maggii;Out_Mistralazhdarcho_maggii.jpg;MMS/VBN.09.C.001;Mature;55.1;103.400;16.737;230.00;460.0;27.6;44.6;22.0;40.0;65.0;37.4;21.6;8.4;42.9;60.5;21.3;682.5;15547.9;1061.1;3.9;89.9;6.1;128.9;121.3;1.8;1.9;6873.6;10417.9;39.8;60.2;17291.5;34583.000;6.1;0.94;48.40;72.100000;77.850000;74.975;Campanian;Late Cretaceous;Flap-soaring ;Floodplain;Alluvial plain ;Carnivore;Generalist
Pterodactyloidea;Azhdarchoidea;Azhdarchidae;Thanatosdrakon amaru;Thanatosdrakon amaru;Thanatosdrakon amaru;Out_Thanatosdrakon amaru.jpg;UNCUYO-LD 350;Mature;101.9;191.000;100.098;450.54;901.1;52.4;92.5;46.6;125.2;117.5;80.8;40.01;15.5;81.3;109.7;37.8;2249.0;52697.3;2731.3;3.9;91.4;4.7;245.2;208.9;1.8;2.2;21732.4;35945.2;37.7;62.3;57677.6;115355.229;7.0;0.85;86.77;84.950000;88.050000;86.5;Santonian;Late Cretaceous;Medium soaring;Fluvial environment;Alluvial plain ;Carnivore;Generalist
Pterodactyloidea;Azhdarchoidea;Azhdarchidae;Radiodactylus langstoni;Radiodactylus langstoni;Radiodactylus langstoni;Out_Radiodactylus_langstoni.jpg;SMU 72547;Mature;33.4;60.590;6.010;156.50;313.0;20.7;27.2;14.4;36.5;40.6;23.1;14.0;6.3;24.8;35.8;9.9;304.6;6206.0;345.1;4.4;90.5;5.0;83.1;71.3;1.9;2.2;2645.6;4210.1;38.6;61.4;6855.7;13711.371;7.1;0.86;43.83;112.000000;119.000000;115.5;Albian;Late Cretaceous;Flap-soaring ;Fluvial environment;Alluvial plain ;Carnivore;Generalist
Pterodactyloidea;Azhdarchoidea;Azhdarchidae;Montanazhdarcho minor;Montanazhdarcho minor;Montanazhdarcho minor;Out_Montanazhdarcho_minor.jpg;MOR 691;Mature;30.3;56.900;2.186;107.00;214.0;18.0;22.0;12.1;18.9;22.0;20.6;11.9;4.6;23.6;33.3;11.7;206.1;3898.0;346.2;4.6;87.6;7.8;77.9;65.8;1.4;1.6;1911.4;2538.9;42.9;57.1;4450.3;8900.600;5.1;0.84;24.56;72.100000;83.600000;77.85;Campanian;Late Cretaceous;Flap-glidding;Fluvial environment;Alluvial plain ;Carnivore;Generalist
Pterodactyloidea;Azhdarchoidea;Azhdarchidae;Tsogtopteryx mongoliensis;Tsogtopteryx mongoliensis;Tsogtopteryx mongoliensis;Out_Tsogtopteryx_mongoliensis.jpg;MPC_Nd 100/303;Mature;19.1;34.100;1.141;83.80;167.6;8.9;14.8;7.7;20.4;22.4;12.3;7.4;3.2;14;20.1;6.6;77.9;1925.9;132.7;3.6;90.1;6.2;43.2;43.1;1.9;1.9;706.9;1429.6;33.1;66.9;2136.5;4273.000;6.6;1.00;26.70;85.7;93.9;89.8;Turonian-Coniacian;Late Cretaceous;Flap-soaring ;Semi-arid floodplain;Alluvial plain ;Carnivore;Generalist
Pterodactyloidea;Azhdarchoidea;Azhdarchidae;Gobiazhdarcho tsogtbaatari;Gobiazhdarcho tsogtbaatari;Gobiazhdarcho tsogtbaatari;Out_Gobiazhdarcho_tsogtbaatari.jpg;MPC_Nd 100/302;Mature;77.2;137.900;47.488;340.40;680.8;36.2;59.9;31.1;82.5;90.8;49.9;30;12.8;56.4;81.5;26.7;1249.8;31715.7;1701.0;3.6;91.5;4.9;169.4;172.9;2.0;2.0;11759.9;22906.6;33.9;66.1;34666.5;69333.000;6.7;1.02;68.49;85.7;93.9;89.8;Turonian-Coniacian;Late Cretaceous;Medium soaring;Semi-arid floodplain;Alluvial plain ;Carnivore;Generalist
Pterodactyloidea;Azhdarchoidea;Azhdarchidae;Eurazhdarcho langendorfensis;Eurazhdarcho langendorfensis;Eurazhdarcho langendorfensis;Out_Eurazhdarcho_langendorfensis.jpg;EME VP 312;Mature;21.9;54.500;2.197;107.20;214.4;14.6;23.4;11.6;25.6;24.8;17.1;8.8;2.0;22.6;31.9;11.2;179.4;3744.8;327.7;4.2;88.1;7.7;66.9;63.4;1.6;1.7;1795.2;2456.7;42.2;57.8;4251.9;8503.800;5.4;0.95;25.83;68.000000;70.000000;69;upper Maastrichtian;Late Cretaceous;Flap-soaring ;Archipelago;Coastal/Shallow marine;Carnivore;Generalist
Pterodactyloidea;Azhdarchoidea;Azhdarchidae;Zhejiangopterus linhaiensis;Zhejiangopterus linhaiensis;Zhejiangopterus linhaiensis;Out_Zhejiangopterus_linhaiensis.jpg;ZMNH M1323;Mature;32.6;48.700;4.137;136.00;272.0;13.7;23.4;11.7;33.6;32.2;22;13.2;4.8;22.2;26.5;7.5;198;4985;238;3.7;92.0;4.4;76.3;67.0;1.8;2.0;1861.4;3559;34.3;65.7;5420.1;10840.210;6.8;0.88;38.16;77.850000;83.600000;80.725;Campanian;Late Cretaceous;Flap-soaring ;Floodplain;Alluvial plain ;Carnivore;Generalist
Pterodactyloidea;Azhdarchoidea;Azhdarchidae;Wellnhopterus brevirostris;Wellnhopterus brevirostris;Wellnhopterus brevirostris;Out_Wellnhopterus_brevirostris.jpg;TMM 42489-2;Mature;38.5;73.300;5.801;154.43;308.9;17.8;27.4;13.2;34.9;43.5;21.5;12.3;5.4;27.9;45.4;17.6;278.3;7543.9;520.7;3.3;90.4;6.2;102.9;90.8;1.5;1.7;2986.1;5356.8;35.8;64.2;8342.8;16685.648;5.7;0.88;34.77;66.000000;68.000000;67;upper Maastrichtian;Late Cretaceous;Flap-soaring ;Fluvial environment;Alluvial plain ;Carnivore;Generalist
Pterodactyloidea;Azhdarchoidea;Azhdarchidae;Quetzacoatlus northropi;Quetzacoatlus northropi;Quetzacoatlus northropi;Out_Quetzacoatlus_northropi.jpg;TMM 41450;Mature;119.2;237.500;123.049;486.90;973.8;58.7;88.0;41.3;109.7;136.8;72.9;40.0;11.8;97.0;140.5;60.0;2938.4;68825.2;4327.4;3.9;90.5;5.7;264.1;259.9;1.8;1.9;28142.9;47948.1;37.0;63.0;76091.0;152182.000;6.2;0.98;80.86;66.000000;67.000000;66.5;upper Maastrichtian;Late Cretaceous;High Soaring;Fluvial environment;Alluvial plain ;Carnivore;Generalist
Pterodactyloidea;Azhdarchoidea;Azhdarchidae;Quetzacoatlus lawsoni;Quetzacoatlus lawsoni;Quetzacoatlus lawsoni;Out_Quetzacoatlus_lawsoni.jpg;TMM 41544;Mature;51.9;107.200;15.361;222.70;445.4;26.8;39.1;21.9;49.9;62.3;33.8;17;8;42.2;65;26.2;579.7;15169.8;1122.2;3.4;89.9;6.7;127.6;125.5;1.7;1.8;6152.8;10718.9;36.5;63.5;16871.7;33743.400;5.9;0.98;45.52;66.000000;67.000000;66.5;upper Maastrichtian;Late Cretaceous;Flap-soaring ;Fluvial environment;Alluvial plain ;Carnivore;Generalist
Pterodactyloidea;Azhdarchoidea;Azhdarchidae;Hatzegopteryx thambena;Hatzegopteryx thambena;Hatzegopteryx thambena;Out_Hatzegopteryx_thambena.jpg;LPV (FGGUB) R 1083A;Mature;89;186.500;125.892;491.10;982.2;53.5;90;36.3;122.9;117.8;72.6;48;14.5;82.8;103.7;35.5;2628.7;57834.2;3464.9;4.1;90.5;5.4;214.4;215.3;2.3;2.3;23225.7;40702.1;36.3;63.7;63927.8;127855.600;7.5;1.00;98.46;68.000000;70.000000;69;Maastrichtian;Late Cretaceous;High Soaring;Archipelago;Coastal/Shallow marine;Carnivore;Generalist
Pterodactyloidea;Azhdarchoidea;Azhdarchidae;Cryodrakon boreas;Cryodrakon boreas;Cryodrakon boreas;Out_Cryodrakon_boreas.jpg;FSAC OB 12;Mature;114.0;193.000;122.311;485.80;971.6;44.7;92.2;44.9;102.5;132.2;77.3;44.6;17.1;88.9;104.6;44.2;2382.7;64393.9;3640.2;3.4;91.4;5.2;225.1;240.4;2.2;2.0;25837.0;44579.8;36.7;63.3;70416.8;140833.600;6.7;1.07;86.85;72.100000;77.850000;74.98;Campanian;Late Cretaceous;High Soaring;Fluvial environment;Alluvial plain ;Carnivore;Generalist
Pterodactyloidea;Azhdarchoidea;Azhdarchidae;Arambourgiania philadelphiae;Arambourgiania philadelphiae;Arambourgiania philadelphiae;Out_Arambourgiania_philadelphiae.jpg;UJA VF1;Mature;103.9;194.900;112.013;470.00;940.0;52.0;84.0;41.5;112.8;122.5;70.5;40.8;15.8;80.8;114.1;40.2;2421.5;60126.8;3605.2;3.7;90.9;5.4;244.2;233.2;1.9;2.0;23994.3;42159.2;36.3;63.7;66153.5;132307.000;6.7;0.95;84.66;66.000000;72.000000;69;Maastrichtian;Late Cretaceous;High Soaring;Coastal environment;Coastal/Shallow marine;Carnivore;Generalist
Pterodactyloidea;Azhdarchoidea;Azhdarchidae;Phosphatodraco mauritanicus;Phosphatodraco mauritanicus;Phosphatodraco mauritanicus;Out_Phosphatodraco_mauritanicus.jpg;FSAC OB 12;Mature;35.7;64.000;6.238;158.70;317.4;28.9;46.3;22.9;60.2;66.4;38.8;22.4;8.6;44.7;63.1;22.2;266.0;6805.5;398.9;3.6;91.1;5.3;80.6;79.3;2.0;2.0;2594.9;4875.5;34.7;65.3;7470.4;14940.800;6.7;0.98;41.75;66.000000;72.000000;69;Maastrichtian;Late Cretaceous;Medium soaring;Coastal environment;Coastal/Shallow marine;Carnivore;Generalist
Pterodactyloidea;Azhdarchoidea;Azhdarchidae;Alanqa saharica;Alanqa saharica;Alanqa saharica;Out_Alanqa_saharica.jpg;FSAC-KK 31;Mature;69.2;123.600;35.397;304.80;609.6;32.5;53.7;27.8;73.9;81.4;44.7;26.9;11.4;50.6;73;23.9;996.8;25446.3;1386.8;3.6;91.4;5.0;153.0;155.1;2.0;2.0;9438.5;18391.4;33.9;66.1;27829.9;55659.800;6.7;1.01;63.60;93.900000;100.500000;97.2;Cenomanian;Late Cretaceous;Medium soaring;Floodplain;Fluviodeltaic;Carnivore;Generalist
Pterodactyloidea;Azhdarchoidea;Azhdarchidae;Leptostomia begaaensis;Leptostomia begaaensis;Leptostomia begaaensis;Out_Leptostomia_begaaensis.jpg;FSAC-KK 5075;Mature;11.2;20.100;0.277;49.20;98.4;5.3;8.7;4.5;12;13.2;7.3;4.4;1.9;8.2;11.9;3.9;25.2;668.8;54.2;3.4;89.4;7.2;25.9;25.4;1.9;1.9;242.4;505.8;32.4;67.6;748.2;1496.400;6.5;0.98;18.50;93.900000;100.500000;97.2;Cenomanian;Late Cretaceous;Flap-glidding;Floodplain;Fluviodeltaic;Carnivore;Generalist
Pterodactyloidea;Azhdarchoidea;Azhdarchidae;Nipponopterus mifunensis;Nipponopterus mifunensis;Nipponopterus mifunensis;Out_Nipponopterus_mifunensis.jpg;MDM 349;Mature;38.0;68.000;7.315;168.50;337.0;18.1;29.8;15.2;40.6;44.8;24.8;14.8;6.2;27.9;40.1;13.1;307.9;7678.6;450.2;3.6;91.0;5.3;85.4;84.9;2.0;2.0;2884.4;5552.3;34.2;65.8;8436.7;16873.400;6.7;0.99;43.36;85.7;93.9;89.8;Turonian-Coniacian;Late Cretaceous;Medium soaring;Floodplain;Fluviodeltaic;Carnivore;Generalist
Pterodactyloidea;Azhdarchoidea;Azhdarchidae;Albadraco tharmisensis;Albadraco tharmisensis;Albadraco tharmisensis;Out_Albadraco_tharmisensis.jpg;PSMUBB V651;Mature;68.6;128.700;34.296;301.20;602.4;34.5;55.3;27.4;71.9;79.3;46.4;26.8;10.2;53.3;75.3;26.5;930.4;25503.0;1568.7;3.3;91.1;5.6;165.0;157.4;1.8;1.9;9634.3;18367.8;34.4;65.6;28002.1;56004.200;6.5;0.95;61.24;68.000000;70.000000;69;Maastrichtian;Late Cretaceous;Medium soaring;Archipelago;Coastal/Shallow marine;Carnivore;Generalist
Pterodactyloidea;Azhdarchoidea;Azhdarchidae;Aerotitan sudamericanus;Aerotitan sudamericanus;Aerotitan sudamericanus;Out_Aerotitan_sudamericanus.jpg;MPCN-PV 0054;Mature;57.3;107.500;22.208;255.80;511.6;28.9;46.2;22.9;60.1;66.3;38.7;22.4;8.6;44.6;62.9;22.2;730.0;18085.4;1125.0;3.7;90.7;5.6;134.6;128.8;1.9;2.0;7438.0;12502.4;37.3;62.7;19940.4;39880.800;6.6;0.96;55.69;66.0;73.0;69.5;Maastrichtian;Late Cretaceous;Medium soaring;Fluvial environment;Alluvial plain ;Carnivore;Generalist
Pterodactyloidea;Azhdarchoidea;Azhdarchidae;Argentinadraco barrealensis;Argentinadraco barrealensis;Argentinadraco barrealensis;Out_Argentinadraco_barrealensis.jpg;MUCPv-1137;Mature;27.1;50.700;2.804;117.50;235.0;13.5;21.9;10.8;28.3;31.4;18.3;10.6;4.1;21.1;29.6;10.5;157.2;3869.1;284.9;3.6;89.7;6.6;60.7;61.0;1.9;1.9;1491.1;2820.1;34.6;65.4;4311.2;8622.400;6.4;1.00;32.52;85.7;93.9;89.8;Turonian-Coniacian;Late Cretaceous;Medium soaring;Fluvial environment;Alluvial plain ;Carnivore;Generalist
Pterodactyloidea;Azhdarchoidea;Azhdarchidae;Xericeps curvirostris;Xericeps curvirostris;Xericeps curvirostris;Out_Xericeps_curvirostris.jpg;FSAC-KK-10700;Mature;43.6;81.400;10.439;192.60;385.2;21.7;35.1;17.4;45.4;50.4;29.5;17.0;6.5;33.9;47.5;16.9;414.5;10346.7;672.8;3.6;90.5;5.9;102.6;98.3;1.9;2.0;4181.2;7252.8;36.6;63.4;11434.0;22868.000;6.5;0.96;45.65;93.900000;100.500000;97.2;Cenomanian;Late Cretaceous;Flap-soaring ;Floodplain;Fluviodeltaic;Carnivore;Generalist
;;;;;;;;;;;;;;;;;;;;;;;;;;;;;;;;;;;;;;;;;;;;;;;;;;;;;
;;;;;;;;;;;;;;;;;;;;;;;;;;;;;;;;;;;;;;;;;;;;;;;;;;;;;
;;;;;;;;;;;;;;;;;;;;;;;;;;;;;;;;;;;;;;;;;;;;;;;;;;;;;
;;;;;;;;;;;;;;;;;;;;;;;;;;;;;;;;;;;;;;;;;;;;;;;;;;;;;
;;;;;;;;;;;;;;;;;;;;;;;;;;;;;;;;;;;;;;;;;;;;;;;;;;;;;